[{"model": "attendance.musician", "fields": {"instrument_section": "0LEAD", "last_name": "Anderson", "is_on_strength": true, "rank": "70", "user": null, "first_name": "Kevin", "is_retired": false}, "pk": 53}, {"model": "attendance.musician", "fields": {"instrument_section": "0LEAD", "last_name": "Longman", "is_on_strength": true, "rank": "60", "user": null, "first_name": "Kaylee", "is_retired": false}, "pk": 54}, {"model": "attendance.musician", "fields": {"instrument_section": "0LEAD", "last_name": "Morello", "is_on_strength": true, "rank": "20", "user": null, "first_name": "Mike", "is_retired": false}, "pk": 55}, {"model": "attendance.musician", "fields": {"instrument_section": "0LEAD", "last_name": "Falconi", "is_on_strength": false, "rank": "90", "user": null, "first_name": "Gino", "is_retired": true}, "pk": 56}, {"model": "attendance.musician", "fields": {"instrument_section": "0LEAD", "last_name": "Mighton", "is_on_strength": false, "rank": "80", "user": null, "first_name": "Bill", "is_retired": true}, "pk": 57}, {"model": "attendance.musician", "fields": {"instrument_section": "1FLPC", "last_name": "Calleja", "is_on_strength": false, "rank": "00", "user": null, "first_name": "Louis", "is_retired": false}, "pk": 58}, {"model": "attendance.musician", "fields": {"instrument_section": "1FLPC", "last_name": "Gauder", "is_on_strength": false, "rank": "00", "user": null, "first_name": "Mary Sue", "is_retired": false}, "pk": 59}, {"model": "attendance.musician", "fields": {"instrument_section": "1FLPC", "last_name": "Forrester", "is_on_strength": false, "rank": "20", "user": null, "first_name": "Dorianne", "is_retired": false}, "pk": 60}, {"model": "attendance.musician", "fields": {"instrument_section": "2CLAR", "last_name": "Walker", "is_on_strength": true, "rank": "20", "user": null, "first_name": "John", "is_retired": false}, "pk": 61}, {"model": "attendance.musician", "fields": {"instrument_section": "2CLAR", "last_name": "Phillips", "is_on_strength": true, "rank": "20", "user": null, "first_name": "Josh", "is_retired": false}, "pk": 62}, {"model": "attendance.musician", "fields": {"instrument_section": "2CLAR", "last_name": "Coote", "is_on_strength": true, "rank": "10", "user": null, "first_name": "Georgia", "is_retired": false}, "pk": 63}, {"model": "attendance.musician", "fields": {"instrument_section": "2CLAR", "last_name": "Ellis", "is_on_strength": true, "rank": "10", "user": null, "first_name": "Heather", "is_retired": false}, "pk": 64}, {"model": "attendance.musician", "fields": {"instrument_section": "2CLAR", "last_name": "Forrest", "is_on_strength": false, "rank": "50", "user": null, "first_name": "Jim", "is_retired": false}, "pk": 65}, {"model": "attendance.musician", "fields": {"instrument_section": "2CLAR", "last_name": "Logan", "is_on_strength": false, "rank": "50", "user": null, "first_name": "Bob", "is_retired": false}, "pk": 66}, {"model": "attendance.musician", "fields": {"instrument_section": "2CLAR", "last_name": "Lawson", "is_on_strength": false, "rank": "20", "user": null, "first_name": "Nancy", "is_retired": false}, "pk": 67}, {"model": "attendance.musician", "fields": {"instrument_section": "2CLAR", "last_name": "Dade", "is_on_strength": false, "rank": "00", "user": null, "first_name": "Mel", "is_retired": false}, "pk": 68}, {"model": "attendance.musician", "fields": {"instrument_section": "2CLAR", "last_name": "Marinzel", "is_on_strength": false, "rank": "00", "user": null, "first_name": "Wendy", "is_retired": false}, "pk": 69}, {"model": "attendance.musician", "fields": {"instrument_section": "2CLAR", "last_name": "Mallory", "is_on_strength": false, "rank": "00", "user": null, "first_name": "Crystal", "is_retired": false}, "pk": 70}, {"model": "attendance.musician", "fields": {"instrument_section": "3OBBS", "last_name": "Hopp", "is_on_strength": false, "rank": "20", "user": null, "first_name": "Doug", "is_retired": false}, "pk": 71}, {"model": "attendance.musician", "fields": {"instrument_section": "3OBBS", "last_name": "Freire-Gormaly", "is_on_strength": false, "rank": "00", "user": null, "first_name": "Marina", "is_retired": false}, "pk": 72}, {"model": "attendance.musician", "fields": {"instrument_section": "4SAXS", "last_name": "Andrews", "is_on_strength": true, "rank": "40", "user": null, "first_name": "Sheila", "is_retired": false}, "pk": 73}, {"model": "attendance.musician", "fields": {"instrument_section": "4SAXS", "last_name": "Rush", "is_on_strength": true, "rank": "20", "user": null, "first_name": "Stephen", "is_retired": false}, "pk": 74}, {"model": "attendance.musician", "fields": {"instrument_section": "4SAXS", "last_name": "Brister", "is_on_strength": true, "rank": "10", "user": null, "first_name": "Dianne", "is_retired": false}, "pk": 75}, {"model": "attendance.musician", "fields": {"instrument_section": "4SAXS", "last_name": "Attong", "is_on_strength": false, "rank": "00", "user": null, "first_name": "Wilf", "is_retired": false}, "pk": 76}, {"model": "attendance.musician", "fields": {"instrument_section": "4SAXS", "last_name": "Lewkee", "is_on_strength": false, "rank": "00", "user": null, "first_name": "Iain", "is_retired": false}, "pk": 77}, {"model": "attendance.musician", "fields": {"instrument_section": "5FRHN", "last_name": "Kazandjian", "is_on_strength": true, "rank": "20", "user": null, "first_name": "Amy", "is_retired": false}, "pk": 78}, {"model": "attendance.musician", "fields": {"instrument_section": "5FRHN", "last_name": "Yao", "is_on_strength": true, "rank": "20", "user": null, "first_name": "Yi", "is_retired": false}, "pk": 79}, {"model": "attendance.musician", "fields": {"instrument_section": "5FRHN", "last_name": "Khew", "is_on_strength": true, "rank": "10", "user": null, "first_name": "Esther", "is_retired": false}, "pk": 80}, {"model": "attendance.musician", "fields": {"instrument_section": "6TRPT", "last_name": "Hembruff", "is_on_strength": true, "rank": "40", "user": null, "first_name": "Janice", "is_retired": false}, "pk": 81}, {"model": "attendance.musician", "fields": {"instrument_section": "6TRPT", "last_name": "Humphries", "is_on_strength": true, "rank": "40", "user": null, "first_name": "Brian", "is_retired": false}, "pk": 82}, {"model": "attendance.musician", "fields": {"instrument_section": "6TRPT", "last_name": "Trimble", "is_on_strength": true, "rank": "30", "user": null, "first_name": "Charles", "is_retired": false}, "pk": 83}, {"model": "attendance.musician", "fields": {"instrument_section": "6TRPT", "last_name": "Chaplin", "is_on_strength": true, "rank": "20", "user": null, "first_name": "Alastair", "is_retired": false}, "pk": 84}, {"model": "attendance.musician", "fields": {"instrument_section": "6TRPT", "last_name": "Hanson", "is_on_strength": true, "rank": "20", "user": null, "first_name": "Julia", "is_retired": false}, "pk": 85}, {"model": "attendance.musician", "fields": {"instrument_section": "6TRPT", "last_name": "Mach", "is_on_strength": true, "rank": "20", "user": null, "first_name": "Phil", "is_retired": false}, "pk": 86}, {"model": "attendance.musician", "fields": {"instrument_section": "6TRPT", "last_name": "Steuernol", "is_on_strength": true, "rank": "20", "user": null, "first_name": "Jared", "is_retired": false}, "pk": 87}, {"model": "attendance.musician", "fields": {"instrument_section": "6TRPT", "last_name": "McGregor", "is_on_strength": false, "rank": "00", "user": null, "first_name": "John", "is_retired": false}, "pk": 88}, {"model": "attendance.musician", "fields": {"instrument_section": "6TRPT", "last_name": "Stewart", "is_on_strength": false, "rank": "00", "user": null, "first_name": "Robin", "is_retired": false}, "pk": 89}, {"model": "attendance.musician", "fields": {"instrument_section": "7TRBN", "last_name": "Jarrett", "is_on_strength": true, "rank": "50", "user": null, "first_name": "Sean", "is_retired": false}, "pk": 90}, {"model": "attendance.musician", "fields": {"instrument_section": "7TRBN", "last_name": "Wang", "is_on_strength": true, "rank": "30", "user": null, "first_name": "Yang", "is_retired": false}, "pk": 91}, {"model": "attendance.musician", "fields": {"instrument_section": "7TRBN", "last_name": "Venturanza", "is_on_strength": true, "rank": "20", "user": null, "first_name": "Jonna", "is_retired": false}, "pk": 92}, {"model": "attendance.musician", "fields": {"instrument_section": "7TRBN", "last_name": "Yasinsky", "is_on_strength": true, "rank": "20", "user": null, "first_name": "Greg", "is_retired": false}, "pk": 93}, {"model": "attendance.musician", "fields": {"instrument_section": "7TRBN", "last_name": "Lawson", "is_on_strength": false, "rank": "80", "user": null, "first_name": "Mike", "is_retired": false}, "pk": 94}, {"model": "attendance.musician", "fields": {"instrument_section": "7TRBN", "last_name": "Trow", "is_on_strength": false, "rank": "60", "user": null, "first_name": "Phil", "is_retired": false}, "pk": 95}, {"model": "attendance.musician", "fields": {"instrument_section": "7TRBN", "last_name": "Tweten", "is_on_strength": false, "rank": "60", "user": null, "first_name": "Al", "is_retired": false}, "pk": 96}, {"model": "attendance.musician", "fields": {"instrument_section": "8EUTB", "last_name": "Probst", "is_on_strength": true, "rank": "40", "user": null, "first_name": "Eric", "is_retired": false}, "pk": 97}, {"model": "attendance.musician", "fields": {"instrument_section": "8EUTB", "last_name": "Hippolite", "is_on_strength": true, "rank": "20", "user": null, "first_name": "Rick", "is_retired": false}, "pk": 98}, {"model": "attendance.musician", "fields": {"instrument_section": "8EUTB", "last_name": "Jones", "is_on_strength": true, "rank": "20", "user": null, "first_name": "Angelik", "is_retired": false}, "pk": 99}, {"model": "attendance.musician", "fields": {"instrument_section": "8EUTB", "last_name": "Yasinsky", "is_on_strength": true, "rank": "20", "user": null, "first_name": "Steven", "is_retired": false}, "pk": 100}, {"model": "attendance.musician", "fields": {"instrument_section": "8EUTB", "last_name": "Yasinsky", "is_on_strength": false, "rank": "00", "user": null, "first_name": "Roman", "is_retired": false}, "pk": 101}, {"model": "attendance.musician", "fields": {"instrument_section": "8EUTB", "last_name": "Ewers", "is_on_strength": false, "rank": "30", "user": null, "first_name": "Harold", "is_retired": false}, "pk": 102}, {"model": "attendance.musician", "fields": {"instrument_section": "9PERC", "last_name": "Savidge", "is_on_strength": true, "rank": "20", "user": null, "first_name": "Anthony", "is_retired": false}, "pk": 103}, {"model": "attendance.musician", "fields": {"instrument_section": "9PERC", "last_name": "Braund", "is_on_strength": false, "rank": "00", "user": null, "first_name": "Greg", "is_retired": false}, "pk": 104}, {"model": "attendance.roster", "fields": {"musicians_booked": [53, 54, 55, 56, 57, 60, 58, 59, 61, 62, 63, 64, 65, 66, 67, 68, 69, 70, 71, 72, 73, 74, 75, 76, 77, 78, 79, 80, 81, 82, 83, 84, 85, 86, 87, 88, 89, 90, 91, 92, 93, 94, 95, 96, 97, 98, 99, 100, 102, 101, 103, 104]}, "pk": 253}, {"model": "attendance.roster", "fields": {"musicians_booked": [53, 54, 55, 56, 57, 60, 58, 59, 61, 62, 63, 64, 65, 66, 67, 68, 69, 70, 71, 72, 73, 74, 75, 76, 77, 78, 79, 80, 81, 82, 83, 84, 85, 86, 87, 88, 89, 90, 91, 92, 93, 94, 95, 96, 97, 98, 99, 100, 102, 101, 103, 104]}, "pk": 254}, {"model": "attendance.roster", "fields": {"musicians_booked": [53, 54, 55, 56, 57, 60, 58, 59, 61, 62, 63, 64, 65, 66, 67, 68, 69, 70, 71, 72, 73, 74, 75, 76, 77, 78, 79, 80, 81, 82, 83, 84, 85, 86, 87, 88, 89, 90, 91, 92, 93, 94, 95, 96, 97, 98, 99, 100, 102, 101, 103, 104]}, "pk": 255}, {"model": "attendance.roster", "fields": {"musicians_booked": [53, 54, 55, 56, 57, 60, 58, 59, 61, 62, 63, 64, 65, 66, 67, 68, 69, 70, 71, 72, 73, 74, 75, 76, 77, 78, 79, 80, 81, 82, 83, 84, 85, 86, 87, 88, 89, 90, 91, 92, 93, 94, 95, 96, 97, 98, 99, 100, 102, 101, 103, 104]}, "pk": 256}, {"model": "attendance.roster", "fields": {"musicians_booked": [53, 54, 55, 56, 57, 60, 58, 59, 61, 62, 63, 64, 65, 66, 67, 68, 69, 70, 71, 72, 73, 74, 75, 76, 77, 78, 79, 80, 81, 82, 83, 84, 85, 86, 87, 88, 89, 90, 91, 92, 93, 94, 95, 96, 97, 98, 99, 100, 102, 101, 103, 104]}, "pk": 257}, {"model": "attendance.roster", "fields": {"musicians_booked": [53, 54, 55, 56, 57, 60, 58, 59, 61, 62, 63, 64, 65, 66, 67, 68, 69, 70, 71, 72, 73, 74, 75, 76, 77, 78, 79, 80, 81, 82, 83, 84, 85, 86, 87, 88, 89, 90, 91, 92, 93, 94, 95, 96, 97, 98, 99, 100, 102, 101, 103, 104]}, "pk": 258}, {"model": "attendance.roster", "fields": {"musicians_booked": [53, 54, 55, 56, 57, 60, 58, 59, 61, 62, 63, 64, 65, 66, 67, 68, 69, 70, 71, 72, 73, 74, 75, 76, 77, 78, 79, 80, 81, 82, 83, 84, 85, 86, 87, 88, 89, 90, 91, 92, 93, 94, 95, 96, 97, 98, 99, 100, 102, 101, 103, 104]}, "pk": 259}, {"model": "attendance.roster", "fields": {"musicians_booked": [53, 54, 55, 56, 57, 60, 58, 59, 61, 62, 63, 64, 65, 66, 67, 68, 69, 70, 71, 72, 73, 74, 75, 76, 77, 78, 79, 80, 81, 82, 83, 84, 85, 86, 87, 88, 89, 90, 91, 92, 93, 94, 95, 96, 97, 98, 99, 100, 102, 101, 103, 104]}, "pk": 260}, {"model": "attendance.roster", "fields": {"musicians_booked": [53, 54, 55, 56, 57, 60, 58, 59, 61, 62, 63, 64, 65, 66, 67, 68, 69, 70, 71, 72, 73, 74, 75, 76, 77, 78, 79, 80, 81, 82, 83, 84, 85, 86, 87, 88, 89, 90, 91, 92, 93, 94, 95, 96, 97, 98, 99, 100, 102, 101, 103, 104]}, "pk": 261}, {"model": "attendance.roster", "fields": {"musicians_booked": [53, 54, 55, 56, 57, 60, 58, 59, 61, 62, 63, 64, 65, 66, 67, 68, 69, 70, 71, 72, 73, 74, 75, 76, 77, 78, 79, 80, 81, 82, 83, 84, 85, 86, 87, 88, 89, 90, 91, 92, 93, 94, 95, 96, 97, 98, 99, 100, 102, 101, 103, 104]}, "pk": 262}, {"model": "attendance.roster", "fields": {"musicians_booked": [53, 54, 55, 56, 57, 60, 58, 59, 61, 62, 63, 64, 65, 66, 67, 68, 69, 70, 71, 72, 73, 74, 75, 76, 77, 78, 79, 80, 81, 82, 83, 84, 85, 86, 87, 88, 89, 90, 91, 92, 93, 94, 95, 96, 97, 98, 99, 100, 102, 101, 103, 104]}, "pk": 263}, {"model": "attendance.roster", "fields": {"musicians_booked": [53, 54, 55, 56, 57, 60, 58, 59, 61, 62, 63, 64, 65, 66, 67, 68, 69, 70, 71, 72, 73, 74, 75, 76, 77, 78, 79, 80, 81, 82, 83, 84, 85, 86, 87, 88, 89, 90, 91, 92, 93, 94, 95, 96, 97, 98, 99, 100, 102, 101, 103, 104]}, "pk": 264}, {"model": "attendance.roster", "fields": {"musicians_booked": [53, 54, 55, 56, 57, 60, 58, 59, 61, 62, 63, 64, 65, 66, 67, 68, 69, 70, 71, 72, 73, 74, 75, 76, 77, 78, 79, 80, 81, 82, 83, 84, 85, 86, 87, 88, 89, 90, 91, 92, 93, 94, 95, 96, 97, 98, 99, 100, 102, 101, 103, 104]}, "pk": 265}, {"model": "attendance.roster", "fields": {"musicians_booked": [53, 54, 55, 56, 57, 60, 58, 59, 61, 62, 63, 64, 65, 66, 67, 68, 69, 70, 71, 72, 73, 74, 75, 76, 77, 78, 79, 80, 81, 82, 83, 84, 85, 86, 87, 88, 89, 90, 91, 92, 93, 94, 95, 96, 97, 98, 99, 100, 102, 101, 103, 104]}, "pk": 266}, {"model": "attendance.attendancerecord", "fields": {"musicians_present": [53, 54, 55, 57, 58, 59, 61, 62, 63, 64, 65, 68, 69, 70, 71, 73, 74, 75, 77, 78, 79, 80, 81, 82, 83, 84, 85, 86, 87, 89, 90, 91, 92, 93, 95, 96, 97, 98, 99, 100, 103]}, "pk": 71}, {"model": "attendance.attendancerecord", "fields": {"musicians_present": [53, 54, 55, 57, 60, 58, 59, 61, 62, 63, 64, 65, 68, 74, 75, 76, 77, 78, 79, 80, 81, 82, 83, 84, 86, 87, 89, 90, 91, 92, 93, 95, 96, 97, 98, 99, 100, 101, 103]}, "pk": 72}, {"model": "attendance.attendancerecord", "fields": {"musicians_present": [53, 54, 55, 57, 60, 59, 63, 64, 65, 68, 69, 70, 73, 74, 75, 76, 78, 79, 80, 81, 82, 83, 84, 87, 90, 91, 92, 93, 95, 96, 97, 98, 99, 100, 101, 103, 104]}, "pk": 73}, {"model": "attendance.attendancerecord", "fields": {"musicians_present": [53, 54, 58, 59, 62, 63, 65, 66, 68, 70, 73, 74, 75, 76, 77, 78, 79, 80, 81, 82, 83, 84, 86, 87, 90, 91, 92, 93, 95, 97, 98, 101, 103]}, "pk": 74}, {"model": "attendance.attendancerecord", "fields": {"musicians_present": [53, 54, 57, 60, 58, 61, 62, 63, 65, 66, 68, 70, 73, 74, 75, 76, 77, 78, 79, 80, 81, 82, 83, 84, 85, 86, 87, 89, 90, 91, 92, 97, 98, 99, 100, 102, 103]}, "pk": 75}, {"model": "attendance.attendancerecord", "fields": {"musicians_present": [53, 54, 55, 57, 58, 61, 63, 64, 66, 67, 68, 70, 73, 74, 75, 76, 79, 80, 82, 83, 84, 85, 87, 89, 92, 94, 95, 97, 99, 100, 102, 101, 103]}, "pk": 76}, {"model": "attendance.attendancerecord", "fields": {"musicians_present": [53, 54, 57, 60, 59, 61, 62, 63, 64, 65, 67, 68, 69, 70, 74, 75, 76, 77, 78, 79, 80, 81, 82, 83, 84, 86, 87, 89, 90, 91, 92, 93, 94, 95, 96, 97, 98, 102, 103]}, "pk": 77}, {"model": "attendance.attendancerecord", "fields": {"musicians_present": [53, 54, 55, 57, 60, 58, 61, 63, 64, 65, 68, 70, 73, 74, 76, 77, 78, 79, 80, 81, 82, 83, 84, 85, 86, 87, 89, 92, 95, 96, 97, 98]}, "pk": 78}, {"model": "attendance.attendancerecord", "fields": {"musicians_present": [53, 54, 55, 57, 58, 59, 61, 63, 66, 70, 73, 76, 78, 79, 81, 83, 85, 89, 91, 92, 93, 97, 98, 99, 100, 104]}, "pk": 79}, {"model": "attendance.attendancerecord", "fields": {"musicians_present": [53, 54, 57, 60, 58, 59, 61, 63, 64, 65, 68, 70, 73, 75, 76, 78, 79, 81, 82, 83, 85, 87, 90, 91, 93, 96, 97, 98, 99, 100, 103, 104]}, "pk": 80}, {"model": "attendance.attendancerecord", "fields": {"musicians_present": [53, 54, 55, 60, 59, 61, 62, 63, 65, 67, 68, 69, 70, 73, 75, 76, 77, 78, 79, 81, 82, 83, 84, 86, 87, 89, 90, 93, 94, 95, 97, 98, 103]}, "pk": 81}, {"model": "attendance.attendancerecord", "fields": {"musicians_present": [53, 54, 57, 60, 58, 59, 62, 63, 64, 65, 66, 67, 68, 70, 75, 76, 77, 78, 79, 82, 84, 87, 89, 90, 92, 93, 94, 95, 96, 97, 98, 99, 100, 102]}, "pk": 82}, {"model": "attendance.attendancerecord", "fields": {"musicians_present": [53, 54, 55, 57, 60, 58, 59, 61, 62, 63, 64, 67, 68, 69, 70, 73, 74, 75, 76, 78, 79, 80, 81, 82, 84, 85, 86, 90, 91, 92, 94, 95, 97, 98, 99, 102, 103]}, "pk": 83}, {"model": "attendance.attendancerecord", "fields": {"musicians_present": [53, 54, 57, 60, 58, 59, 61, 63, 64, 66, 67, 68, 70, 76, 77, 79, 80, 81, 82, 83, 84, 86, 87, 90, 94, 95, 96, 97, 98, 99, 100, 102, 103]}, "pk": 84}, {"model": "attendance.job", "fields": {"uniform": null, "job_type": 0, "roster": 253, "call_time": null, "start_date": "2014-09-04", "end_date": "2014-09-04", "name": "Rehearsal", "location": "Fort York Armoury", "attendance_record": 71}, "pk": 211}, {"model": "attendance.job", "fields": {"uniform": null, "job_type": 0, "roster": 254, "call_time": null, "start_date": "2014-09-11", "end_date": "2014-09-11", "name": "Rehearsal", "location": "Fort York Armoury", "attendance_record": 72}, "pk": 212}, {"model": "attendance.job", "fields": {"uniform": null, "job_type": 0, "roster": 255, "call_time": null, "start_date": "2014-09-18", "end_date": "2014-09-18", "name": "Rehearsal", "location": "Fort York Armoury", "attendance_record": 73}, "pk": 213}, {"model": "attendance.job", "fields": {"uniform": null, "job_type": 0, "roster": 256, "call_time": null, "start_date": "2014-09-25", "end_date": "2014-09-25", "name": "Rehearsal", "location": "Fort York Armoury", "attendance_record": 74}, "pk": 214}, {"model": "attendance.job", "fields": {"uniform": null, "job_type": 0, "roster": 257, "call_time": null, "start_date": "2014-10-02", "end_date": "2014-10-02", "name": "Rehearsal", "location": "Fort York Armoury", "attendance_record": 75}, "pk": 215}, {"model": "attendance.job", "fields": {"uniform": null, "job_type": 0, "roster": 258, "call_time": null, "start_date": "2014-10-09", "end_date": "2014-10-09", "name": "Rehearsal", "location": "Fort York Armoury", "attendance_record": 76}, "pk": 216}, {"model": "attendance.job", "fields": {"uniform": null, "job_type": 0, "roster": 259, "call_time": null, "start_date": "2014-10-16", "end_date": "2014-10-16", "name": "Rehearsal", "location": "Fort York Armoury", "attendance_record": 77}, "pk": 217}, {"model": "attendance.job", "fields": {"uniform": null, "job_type": 0, "roster": 260, "call_time": null, "start_date": "2014-10-23", "end_date": "2014-10-23", "name": "Rehearsal", "location": "Fort York Armoury", "attendance_record": 78}, "pk": 218}, {"model": "attendance.job", "fields": {"uniform": null, "job_type": 0, "roster": 261, "call_time": null, "start_date": "2014-10-30", "end_date": "2014-10-30", "name": "Rehearsal", "location": "Fort York Armoury", "attendance_record": 79}, "pk": 219}, {"model": "attendance.job", "fields": {"uniform": null, "job_type": 0, "roster": 262, "call_time": null, "start_date": "2014-11-06", "end_date": "2014-11-06", "name": "Rehearsal", "location": "Fort York Armoury", "attendance_record": 80}, "pk": 220}, {"model": "attendance.job", "fields": {"uniform": null, "job_type": 0, "roster": 263, "call_time": null, "start_date": "2014-11-13", "end_date": "2014-11-13", "name": "Rehearsal", "location": "Fort York Armoury", "attendance_record": 81}, "pk": 221}, {"model": "attendance.job", "fields": {"uniform": null, "job_type": 0, "roster": 264, "call_time": null, "start_date": "2014-11-20", "end_date": "2014-11-20", "name": "Rehearsal", "location": "Fort York Armoury", "attendance_record": 82}, "pk": 222}, {"model": "attendance.job", "fields": {"uniform": null, "job_type": 0, "roster": 265, "call_time": null, "start_date": "2014-11-27", "end_date": "2014-11-27", "name": "Rehearsal", "location": "Fort York Armoury", "attendance_record": 83}, "pk": 223}, {"model": "attendance.job", "fields": {"uniform": null, "job_type": 0, "roster": 266, "call_time": null, "start_date": "2014-12-04", "end_date": "2014-12-04", "name": "Rehearsal", "location": "Fort York Armoury", "attendance_record": 84}, "pk": 224}]