[{"pk": 11, "model": "attendance.musician", "fields": {"user": null, "last_name": "Anderson", "is_on_strength": true, "first_name": "Kevin", "rank": "70", "instrument_section": "0LEAD", "is_retired": false}}, {"pk": 12, "model": "attendance.musician", "fields": {"user": null, "last_name": "Longman", "is_on_strength": true, "first_name": "Kaylee", "rank": "60", "instrument_section": "0LEAD", "is_retired": false}}, {"pk": 13, "model": "attendance.musician", "fields": {"user": null, "last_name": "Morello", "is_on_strength": true, "first_name": "Mike", "rank": "20", "instrument_section": "0LEAD", "is_retired": false}}, {"pk": 14, "model": "attendance.musician", "fields": {"user": null, "last_name": "Falconi", "is_on_strength": false, "first_name": "Gino", "rank": "90", "instrument_section": "0LEAD", "is_retired": true}}, {"pk": 15, "model": "attendance.musician", "fields": {"user": null, "last_name": "Mighton", "is_on_strength": true, "first_name": "Bill", "rank": "80", "instrument_section": "0LEAD", "is_retired": true}}, {"pk": 16, "model": "attendance.musician", "fields": {"user": null, "last_name": "Calleja", "is_on_strength": false, "first_name": "Louis", "rank": "00", "instrument_section": "1FLPC", "is_retired": false}}, {"pk": 17, "model": "attendance.musician", "fields": {"user": null, "last_name": "Gauder", "is_on_strength": false, "first_name": "Mary Sue", "rank": "00", "instrument_section": "1FLPC", "is_retired": false}}, {"pk": 18, "model": "attendance.musician", "fields": {"user": null, "last_name": "Forrester", "is_on_strength": false, "first_name": "Dorianne", "rank": "20", "instrument_section": "1FLPC", "is_retired": false}}, {"pk": 19, "model": "attendance.musician", "fields": {"user": null, "last_name": "Walker", "is_on_strength": true, "first_name": "John", "rank": "20", "instrument_section": "2CLAR", "is_retired": false}}, {"pk": 20, "model": "attendance.musician", "fields": {"user": null, "last_name": "Phillips", "is_on_strength": true, "first_name": "Josh", "rank": "20", "instrument_section": "2CLAR", "is_retired": false}}, {"pk": 21, "model": "attendance.musician", "fields": {"user": null, "last_name": "Coote", "is_on_strength": true, "first_name": "Georgia", "rank": "10", "instrument_section": "2CLAR", "is_retired": false}}, {"pk": 22, "model": "attendance.musician", "fields": {"user": null, "last_name": "Ellis", "is_on_strength": true, "first_name": "Heather", "rank": "10", "instrument_section": "2CLAR", "is_retired": false}}, {"pk": 23, "model": "attendance.musician", "fields": {"user": null, "last_name": "Forrest", "is_on_strength": false, "first_name": "Jim", "rank": "50", "instrument_section": "2CLAR", "is_retired": false}}, {"pk": 24, "model": "attendance.musician", "fields": {"user": null, "last_name": "Logan", "is_on_strength": false, "first_name": "Bob", "rank": "50", "instrument_section": "2CLAR", "is_retired": false}}, {"pk": 25, "model": "attendance.musician", "fields": {"user": null, "last_name": "Lawson", "is_on_strength": false, "first_name": "Nancy", "rank": "20", "instrument_section": "2CLAR", "is_retired": false}}, {"pk": 26, "model": "attendance.musician", "fields": {"user": null, "last_name": "Dade", "is_on_strength": false, "first_name": "Mel", "rank": "00", "instrument_section": "2CLAR", "is_retired": false}}, {"pk": 27, "model": "attendance.musician", "fields": {"user": null, "last_name": "Marinzel", "is_on_strength": false, "first_name": "Wendy", "rank": "00", "instrument_section": "2CLAR", "is_retired": false}}, {"pk": 28, "model": "attendance.musician", "fields": {"user": null, "last_name": "Mallory", "is_on_strength": false, "first_name": "Crystal", "rank": "00", "instrument_section": "2CLAR", "is_retired": false}}, {"pk": 29, "model": "attendance.musician", "fields": {"user": null, "last_name": "Hopp", "is_on_strength": false, "first_name": "Doug", "rank": "20", "instrument_section": "3OBBS", "is_retired": false}}, {"pk": 30, "model": "attendance.musician", "fields": {"user": null, "last_name": "Freire-Gormaly", "is_on_strength": false, "first_name": "Marina", "rank": "00", "instrument_section": "3OBBS", "is_retired": false}}, {"pk": 31, "model": "attendance.musician", "fields": {"user": null, "last_name": "Andrews", "is_on_strength": true, "first_name": "Sheila", "rank": "40", "instrument_section": "4SAXS", "is_retired": false}}, {"pk": 32, "model": "attendance.musician", "fields": {"user": null, "last_name": "Rush", "is_on_strength": true, "first_name": "Stephen", "rank": "20", "instrument_section": "4SAXS", "is_retired": false}}, {"pk": 33, "model": "attendance.musician", "fields": {"user": null, "last_name": "Brister", "is_on_strength": true, "first_name": "Dianne", "rank": "10", "instrument_section": "4SAXS", "is_retired": false}}, {"pk": 34, "model": "attendance.musician", "fields": {"user": null, "last_name": "Attong", "is_on_strength": false, "first_name": "Wilf", "rank": "00", "instrument_section": "4SAXS", "is_retired": false}}, {"pk": 35, "model": "attendance.musician", "fields": {"user": null, "last_name": "Lewkee", "is_on_strength": false, "first_name": "Iain", "rank": "00", "instrument_section": "4SAXS", "is_retired": false}}, {"pk": 36, "model": "attendance.musician", "fields": {"user": null, "last_name": "Kazandjian", "is_on_strength": true, "first_name": "Amy", "rank": "20", "instrument_section": "5FRHN", "is_retired": false}}, {"pk": 37, "model": "attendance.musician", "fields": {"user": null, "last_name": "Yao", "is_on_strength": true, "first_name": "Yi", "rank": "20", "instrument_section": "5FRHN", "is_retired": false}}, {"pk": 38, "model": "attendance.musician", "fields": {"user": null, "last_name": "Khew", "is_on_strength": true, "first_name": "Esther", "rank": "10", "instrument_section": "5FRHN", "is_retired": false}}, {"pk": 39, "model": "attendance.musician", "fields": {"user": null, "last_name": "Hembruff", "is_on_strength": true, "first_name": "Janice", "rank": "40", "instrument_section": "6TRPT", "is_retired": false}}, {"pk": 40, "model": "attendance.musician", "fields": {"user": null, "last_name": "Humphries", "is_on_strength": true, "first_name": "Brian", "rank": "40", "instrument_section": "6TRPT", "is_retired": false}}, {"pk": 41, "model": "attendance.musician", "fields": {"user": null, "last_name": "Trimble", "is_on_strength": true, "first_name": "Charles", "rank": "30", "instrument_section": "6TRPT", "is_retired": false}}, {"pk": 42, "model": "attendance.musician", "fields": {"user": null, "last_name": "Chaplin", "is_on_strength": true, "first_name": "Alastair", "rank": "20", "instrument_section": "6TRPT", "is_retired": false}}, {"pk": 43, "model": "attendance.musician", "fields": {"user": null, "last_name": "Hanson", "is_on_strength": true, "first_name": "Julia", "rank": "20", "instrument_section": "6TRPT", "is_retired": false}}, {"pk": 44, "model": "attendance.musician", "fields": {"user": null, "last_name": "Mach", "is_on_strength": true, "first_name": "Phil", "rank": "20", "instrument_section": "6TRPT", "is_retired": false}}, {"pk": 45, "model": "attendance.musician", "fields": {"user": null, "last_name": "Steuernol", "is_on_strength": true, "first_name": "Jared", "rank": "20", "instrument_section": "6TRPT", "is_retired": false}}, {"pk": 46, "model": "attendance.musician", "fields": {"user": null, "last_name": "McGregor", "is_on_strength": false, "first_name": "John", "rank": "00", "instrument_section": "6TRPT", "is_retired": false}}, {"pk": 47, "model": "attendance.musician", "fields": {"user": null, "last_name": "Stewart", "is_on_strength": false, "first_name": "Robin", "rank": "00", "instrument_section": "6TRPT", "is_retired": false}}, {"pk": 48, "model": "attendance.musician", "fields": {"user": null, "last_name": "Jarrett", "is_on_strength": true, "first_name": "Sean", "rank": "50", "instrument_section": "7TRBN", "is_retired": false}}, {"pk": 49, "model": "attendance.musician", "fields": {"user": null, "last_name": "Wang", "is_on_strength": true, "first_name": "Yang", "rank": "30", "instrument_section": "7TRBN", "is_retired": false}}, {"pk": 50, "model": "attendance.musician", "fields": {"user": null, "last_name": "Venturanza", "is_on_strength": true, "first_name": "Joanna", "rank": "20", "instrument_section": "7TRBN", "is_retired": false}}, {"pk": 51, "model": "attendance.musician", "fields": {"user": null, "last_name": "Yasinsky", "is_on_strength": true, "first_name": "Greg", "rank": "20", "instrument_section": "7TRBN", "is_retired": false}}, {"pk": 52, "model": "attendance.musician", "fields": {"user": null, "last_name": "Lawson", "is_on_strength": false, "first_name": "Mike", "rank": "80", "instrument_section": "7TRBN", "is_retired": false}}, {"pk": 53, "model": "attendance.musician", "fields": {"user": null, "last_name": "Trow", "is_on_strength": false, "first_name": "Phil", "rank": "60", "instrument_section": "7TRBN", "is_retired": false}}, {"pk": 54, "model": "attendance.musician", "fields": {"user": null, "last_name": "Tweten", "is_on_strength": false, "first_name": "Al", "rank": "60", "instrument_section": "7TRBN", "is_retired": false}}, {"pk": 55, "model": "attendance.musician", "fields": {"user": null, "last_name": "Probst", "is_on_strength": true, "first_name": "Eric", "rank": "40", "instrument_section": "8EUTB", "is_retired": false}}, {"pk": 56, "model": "attendance.musician", "fields": {"user": null, "last_name": "Hippolite", "is_on_strength": true, "first_name": "Rick", "rank": "20", "instrument_section": "8EUTB", "is_retired": false}}, {"pk": 57, "model": "attendance.musician", "fields": {"user": null, "last_name": "Jones", "is_on_strength": true, "first_name": "Angelik", "rank": "20", "instrument_section": "8EUTB", "is_retired": false}}, {"pk": 58, "model": "attendance.musician", "fields": {"user": null, "last_name": "Yasinsky", "is_on_strength": true, "first_name": "Steven", "rank": "20", "instrument_section": "8EUTB", "is_retired": false}}, {"pk": 59, "model": "attendance.musician", "fields": {"user": null, "last_name": "Yasinsky", "is_on_strength": false, "first_name": "Roman", "rank": "00", "instrument_section": "8EUTB", "is_retired": false}}, {"pk": 60, "model": "attendance.musician", "fields": {"user": null, "last_name": "Ewers", "is_on_strength": false, "first_name": "Harold", "rank": "30", "instrument_section": "8EUTB", "is_retired": false}}, {"pk": 61, "model": "attendance.musician", "fields": {"user": null, "last_name": "Savidge", "is_on_strength": true, "first_name": "Anthony", "rank": "20", "instrument_section": "9PERC", "is_retired": false}}, {"pk": 62, "model": "attendance.musician", "fields": {"user": null, "last_name": "Braund", "is_on_strength": false, "first_name": "Greg", "rank": "00", "instrument_section": "9PERC", "is_retired": false}}, {"pk": 2, "model": "attendance.job", "fields": {"location": "Fort York Armoury", "start_date": "2014-09-04", "uniform": null, "name": "rehearsal", "call_time": null, "end_date": "2014-09-04"}}, {"pk": 3, "model": "attendance.job", "fields": {"location": "Fort York Armoury", "start_date": "2014-09-11", "uniform": null, "name": "rehearsal", "call_time": null, "end_date": "2014-09-11"}}, {"pk": 4, "model": "attendance.job", "fields": {"location": "Fort York Armoury", "start_date": "2014-09-18", "uniform": null, "name": "rehearsal", "call_time": null, "end_date": "2014-09-18"}}, {"pk": 5, "model": "attendance.job", "fields": {"location": "Fort York Armoury", "start_date": "2014-09-25", "uniform": null, "name": "rehearsal", "call_time": null, "end_date": "2014-09-25"}}, {"pk": 6, "model": "attendance.job", "fields": {"location": "Fort York Armoury", "start_date": "2014-10-02", "uniform": null, "name": "rehearsal", "call_time": null, "end_date": "2014-10-02"}}, {"pk": 7, "model": "attendance.job", "fields": {"location": "Fort York Armoury", "start_date": "2014-10-09", "uniform": null, "name": "rehearsal", "call_time": null, "end_date": "2014-10-09"}}, {"pk": 8, "model": "attendance.job", "fields": {"location": "Fort York Armoury", "start_date": "2014-10-16", "uniform": null, "name": "rehearsal", "call_time": null, "end_date": "2014-10-16"}}, {"pk": 9, "model": "attendance.job", "fields": {"location": "Fort York Armoury", "start_date": "2014-10-23", "uniform": null, "name": "rehearsal", "call_time": null, "end_date": "2014-10-23"}}, {"pk": 10, "model": "attendance.job", "fields": {"location": "Fort York Armoury", "start_date": "2014-10-30", "uniform": null, "name": "rehearsal", "call_time": null, "end_date": "2014-10-30"}}, {"pk": 11, "model": "attendance.job", "fields": {"location": "Fort York Armoury", "start_date": "2014-11-06", "uniform": null, "name": "rehearsal", "call_time": null, "end_date": "2014-11-06"}}, {"pk": 12, "model": "attendance.job", "fields": {"location": "Fort York Armoury", "start_date": "2014-11-13", "uniform": null, "name": "rehearsal", "call_time": null, "end_date": "2014-11-13"}}, {"pk": 13, "model": "attendance.job", "fields": {"location": "Fort York Armoury", "start_date": "2014-11-20", "uniform": null, "name": "rehearsal", "call_time": null, "end_date": "2014-11-20"}}, {"pk": 14, "model": "attendance.job", "fields": {"location": "Fort York Armoury", "start_date": "2014-11-27", "uniform": null, "name": "rehearsal", "call_time": null, "end_date": "2014-11-27"}}, {"pk": 15, "model": "attendance.job", "fields": {"location": "Fort York Armoury", "start_date": "2014-12-04", "uniform": null, "name": "rehearsal", "call_time": null, "end_date": "2014-12-04"}}, {"pk": 1, "model": "attendance.attendance", "fields": {"musicians_absent": [14, 18, 24, 25, 30, 34, 46, 52, 60, 59, 62], "job": 2}}, {"pk": 2, "model": "attendance.attendance", "fields": {"musicians_absent": [14, 24, 25, 27, 28, 29, 30, 31, 43, 46, 52, 60, 62], "job": 3}}, {"pk": 3, "model": "attendance.attendance", "fields": {"musicians_absent": [14, 16, 19, 20, 24, 25, 29, 30, 35, 43, 44, 46, 47, 52, 60], "job": 4}}, {"pk": 4, "model": "attendance.attendance", "fields": {"musicians_absent": [13, 15, 14, 18, 19, 22, 25, 27, 29, 30, 43, 46, 47, 52, 54, 57, 58, 60, 62], "job": 5}}, {"pk": 5, "model": "attendance.attendance", "fields": {"musicians_absent": [13, 14, 17, 22, 25, 27, 29, 30, 46, 51, 52, 53, 54, 59, 62], "job": 6}}, {"pk": 6, "model": "attendance.attendance", "fields": {"musicians_absent": [14, 18, 17, 20, 23, 27, 29, 30, 35, 36, 39, 44, 46, 48, 49, 51, 54, 56, 62], "job": 7}}, {"pk": 7, "model": "attendance.attendance", "fields": {"musicians_absent": [13, 14, 16, 24, 29, 30, 31, 43, 46, 57, 58, 59, 62], "job": 8}}, {"pk": 8, "model": "attendance.attendance", "fields": {"musicians_absent": [14, 17, 20, 24, 25, 27, 29, 30, 33, 46, 48, 49, 51, 52, 57, 58, 60, 59, 61, 62], "job": 9}}, {"pk": 9, "model": "attendance.attendance", "fields": {"musicians_absent": [14, 18, 20, 22, 23, 25, 26, 27, 29, 30, 32, 33, 35, 38, 40, 42, 44, 45, 46, 48, 52, 53, 54, 60, 59, 61], "job": 10}}, {"pk": 10, "model": "attendance.attendance", "fields": {"musicians_absent": [13, 14, 20, 24, 25, 27, 29, 30, 32, 35, 38, 42, 44, 46, 47, 50, 52, 53, 60, 59], "job": 11}}, {"pk": 11, "model": "attendance.attendance", "fields": {"musicians_absent": [15, 14, 16, 22, 24, 29, 30, 32, 38, 43, 46, 49, 50, 54, 57, 58, 60, 59, 62], "job": 12}}, {"pk": 12, "model": "attendance.attendance", "fields": {"musicians_absent": [13, 14, 19, 27, 29, 30, 31, 32, 38, 39, 41, 43, 44, 46, 49, 59, 61, 62], "job": 13}}, {"pk": 13, "model": "attendance.attendance", "fields": {"musicians_absent": [14, 23, 24, 29, 30, 35, 41, 45, 46, 47, 51, 54, 58, 59, 62], "job": 14}}, {"pk": 14, "model": "attendance.attendance", "fields": {"musicians_absent": [13, 14, 20, 23, 27, 29, 30, 31, 32, 33, 36, 43, 46, 47, 49, 50, 51, 59, 62], "job": 15}}, {"pk": 1, "model": "attendance.roster", "fields": {"job": 2, "musicians_booked": [11, 12, 13, 15, 14, 18, 16, 17, 19, 20, 21, 22, 23, 24, 25, 26, 27, 28, 29, 30, 31, 32, 33, 34, 35, 36, 37, 38, 39, 40, 41, 42, 43, 44, 45, 46, 47, 48, 49, 50, 51, 52, 53, 54, 55, 56, 57, 58, 60, 59, 61, 62]}}, {"pk": 2, "model": "attendance.roster", "fields": {"job": 3, "musicians_booked": [11, 12, 13, 15, 14, 18, 16, 17, 19, 20, 21, 22, 23, 24, 25, 26, 27, 28, 29, 30, 31, 32, 33, 34, 35, 36, 37, 38, 39, 40, 41, 42, 43, 44, 45, 46, 47, 48, 49, 50, 51, 52, 53, 54, 55, 56, 57, 58, 60, 59, 61, 62]}}, {"pk": 3, "model": "attendance.roster", "fields": {"job": 4, "musicians_booked": [11, 12, 13, 15, 14, 18, 16, 17, 19, 20, 21, 22, 23, 24, 25, 26, 27, 28, 29, 30, 31, 32, 33, 34, 35, 36, 37, 38, 39, 40, 41, 42, 43, 44, 45, 46, 47, 48, 49, 50, 51, 52, 53, 54, 55, 56, 57, 58, 60, 59, 61, 62]}}, {"pk": 4, "model": "attendance.roster", "fields": {"job": 5, "musicians_booked": [11, 12, 13, 15, 14, 18, 16, 17, 19, 20, 21, 22, 23, 24, 25, 26, 27, 28, 29, 30, 31, 32, 33, 34, 35, 36, 37, 38, 39, 40, 41, 42, 43, 44, 45, 46, 47, 48, 49, 50, 51, 52, 53, 54, 55, 56, 57, 58, 60, 59, 61, 62]}}, {"pk": 5, "model": "attendance.roster", "fields": {"job": 6, "musicians_booked": [11, 12, 13, 15, 14, 18, 16, 17, 19, 20, 21, 22, 23, 24, 25, 26, 27, 28, 29, 30, 31, 32, 33, 34, 35, 36, 37, 38, 39, 40, 41, 42, 43, 44, 45, 46, 47, 48, 49, 50, 51, 52, 53, 54, 55, 56, 57, 58, 60, 59, 61, 62]}}, {"pk": 6, "model": "attendance.roster", "fields": {"job": 7, "musicians_booked": [11, 12, 13, 15, 14, 18, 16, 17, 19, 20, 21, 22, 23, 24, 25, 26, 27, 28, 29, 30, 31, 32, 33, 34, 35, 36, 37, 38, 39, 40, 41, 42, 43, 44, 45, 46, 47, 48, 49, 50, 51, 52, 53, 54, 55, 56, 57, 58, 60, 59, 61, 62]}}, {"pk": 7, "model": "attendance.roster", "fields": {"job": 8, "musicians_booked": [11, 12, 13, 15, 14, 18, 16, 17, 19, 20, 21, 22, 23, 24, 25, 26, 27, 28, 29, 30, 31, 32, 33, 34, 35, 36, 37, 38, 39, 40, 41, 42, 43, 44, 45, 46, 47, 48, 49, 50, 51, 52, 53, 54, 55, 56, 57, 58, 60, 59, 61, 62]}}, {"pk": 8, "model": "attendance.roster", "fields": {"job": 9, "musicians_booked": [11, 12, 13, 15, 14, 18, 16, 17, 19, 20, 21, 22, 23, 24, 25, 26, 27, 28, 29, 30, 31, 32, 33, 34, 35, 36, 37, 38, 39, 40, 41, 42, 43, 44, 45, 46, 47, 48, 49, 50, 51, 52, 53, 54, 55, 56, 57, 58, 60, 59, 61, 62]}}, {"pk": 9, "model": "attendance.roster", "fields": {"job": 10, "musicians_booked": [11, 12, 13, 15, 14, 18, 16, 17, 19, 20, 21, 22, 23, 24, 25, 26, 27, 28, 29, 30, 31, 32, 33, 34, 35, 36, 37, 38, 39, 40, 41, 42, 43, 44, 45, 46, 47, 48, 49, 50, 51, 52, 53, 54, 55, 56, 57, 58, 60, 59, 61, 62]}}, {"pk": 10, "model": "attendance.roster", "fields": {"job": 11, "musicians_booked": [11, 12, 13, 15, 14, 18, 16, 17, 19, 20, 21, 22, 23, 24, 25, 26, 27, 28, 29, 30, 31, 32, 33, 34, 35, 36, 37, 38, 39, 40, 41, 42, 43, 44, 45, 46, 47, 48, 49, 50, 51, 52, 53, 54, 55, 56, 57, 58, 60, 59, 61, 62]}}, {"pk": 11, "model": "attendance.roster", "fields": {"job": 12, "musicians_booked": [11, 12, 13, 15, 14, 18, 16, 17, 19, 20, 21, 22, 23, 24, 25, 26, 27, 28, 29, 30, 31, 32, 33, 34, 35, 36, 37, 38, 39, 40, 41, 42, 43, 44, 45, 46, 47, 48, 49, 50, 51, 52, 53, 54, 55, 56, 57, 58, 60, 59, 61, 62]}}, {"pk": 12, "model": "attendance.roster", "fields": {"job": 13, "musicians_booked": [11, 12, 13, 15, 14, 18, 16, 17, 19, 20, 21, 22, 23, 24, 25, 26, 27, 28, 29, 30, 31, 32, 33, 34, 35, 36, 37, 38, 39, 40, 41, 42, 43, 44, 45, 46, 47, 48, 49, 50, 51, 52, 53, 54, 55, 56, 57, 58, 60, 59, 61, 62]}}, {"pk": 13, "model": "attendance.roster", "fields": {"job": 14, "musicians_booked": [11, 12, 13, 15, 14, 18, 16, 17, 19, 20, 21, 22, 23, 24, 25, 26, 27, 28, 29, 30, 31, 32, 33, 34, 35, 36, 37, 38, 39, 40, 41, 42, 43, 44, 45, 46, 47, 48, 49, 50, 51, 52, 53, 54, 55, 56, 57, 58, 60, 59, 61, 62]}}, {"pk": 14, "model": "attendance.roster", "fields": {"job": 15, "musicians_booked": [11, 12, 13, 15, 14, 18, 16, 17, 19, 20, 21, 22, 23, 24, 25, 26, 27, 28, 29, 30, 31, 32, 33, 34, 35, 36, 37, 38, 39, 40, 41, 42, 43, 44, 45, 46, 47, 48, 49, 50, 51, 52, 53, 54, 55, 56, 57, 58, 60, 59, 61, 62]}}]