[{"fields": {"user": null, "is_on_strength": true, "last_name": "Anderson", "first_name": "Kevin", "rank": "70", "instrument_section": "0LEAD", "is_retired": false}, "model": "attendance.musician", "pk": 1}, {"fields": {"user": null, "is_on_strength": true, "last_name": "Longman", "first_name": "Kaylee", "rank": "60", "instrument_section": "0LEAD", "is_retired": false}, "model": "attendance.musician", "pk": 2}, {"fields": {"user": null, "is_on_strength": true, "last_name": "Morello", "first_name": "Mike", "rank": "20", "instrument_section": "0LEAD", "is_retired": false}, "model": "attendance.musician", "pk": 3}, {"fields": {"user": null, "is_on_strength": false, "last_name": "Falconi", "first_name": "Gino", "rank": "90", "instrument_section": "0LEAD", "is_retired": true}, "model": "attendance.musician", "pk": 4}, {"fields": {"user": null, "is_on_strength": false, "last_name": "Mighton", "first_name": "Bill", "rank": "80", "instrument_section": "0LEAD", "is_retired": true}, "model": "attendance.musician", "pk": 5}, {"fields": {"user": null, "is_on_strength": false, "last_name": "Calleja", "first_name": "Louis", "rank": "00", "instrument_section": "1FLPC", "is_retired": false}, "model": "attendance.musician", "pk": 6}, {"fields": {"user": null, "is_on_strength": false, "last_name": "Gauder", "first_name": "Mary Sue", "rank": "00", "instrument_section": "1FLPC", "is_retired": false}, "model": "attendance.musician", "pk": 7}, {"fields": {"user": null, "is_on_strength": false, "last_name": "Forrester", "first_name": "Dorianne", "rank": "20", "instrument_section": "1FLPC", "is_retired": false}, "model": "attendance.musician", "pk": 8}, {"fields": {"user": null, "is_on_strength": true, "last_name": "Walker", "first_name": "John", "rank": "20", "instrument_section": "2CLAR", "is_retired": false}, "model": "attendance.musician", "pk": 9}, {"fields": {"user": null, "is_on_strength": true, "last_name": "Phillips", "first_name": "Josh", "rank": "20", "instrument_section": "2CLAR", "is_retired": false}, "model": "attendance.musician", "pk": 10}, {"fields": {"user": null, "is_on_strength": true, "last_name": "Coote", "first_name": "Georgia", "rank": "10", "instrument_section": "2CLAR", "is_retired": false}, "model": "attendance.musician", "pk": 11}, {"fields": {"user": null, "is_on_strength": true, "last_name": "Ellis", "first_name": "Heather", "rank": "10", "instrument_section": "2CLAR", "is_retired": false}, "model": "attendance.musician", "pk": 12}, {"fields": {"user": null, "is_on_strength": false, "last_name": "Forrest", "first_name": "Jim", "rank": "50", "instrument_section": "2CLAR", "is_retired": false}, "model": "attendance.musician", "pk": 13}, {"fields": {"user": null, "is_on_strength": false, "last_name": "Logan", "first_name": "Bob", "rank": "50", "instrument_section": "2CLAR", "is_retired": false}, "model": "attendance.musician", "pk": 14}, {"fields": {"user": null, "is_on_strength": false, "last_name": "Lawson", "first_name": "Nancy", "rank": "20", "instrument_section": "2CLAR", "is_retired": false}, "model": "attendance.musician", "pk": 15}, {"fields": {"user": null, "is_on_strength": false, "last_name": "Dade", "first_name": "Mel", "rank": "00", "instrument_section": "2CLAR", "is_retired": false}, "model": "attendance.musician", "pk": 16}, {"fields": {"user": null, "is_on_strength": false, "last_name": "Marinzel", "first_name": "Wendy", "rank": "00", "instrument_section": "2CLAR", "is_retired": false}, "model": "attendance.musician", "pk": 17}, {"fields": {"user": null, "is_on_strength": false, "last_name": "Mallory", "first_name": "Crystal", "rank": "00", "instrument_section": "2CLAR", "is_retired": false}, "model": "attendance.musician", "pk": 18}, {"fields": {"user": null, "is_on_strength": false, "last_name": "Hopp", "first_name": "Doug", "rank": "20", "instrument_section": "3OBBS", "is_retired": false}, "model": "attendance.musician", "pk": 19}, {"fields": {"user": null, "is_on_strength": false, "last_name": "Freire-Gormaly", "first_name": "Marina", "rank": "00", "instrument_section": "3OBBS", "is_retired": false}, "model": "attendance.musician", "pk": 20}, {"fields": {"user": null, "is_on_strength": true, "last_name": "Andrews", "first_name": "Sheila", "rank": "40", "instrument_section": "4SAXS", "is_retired": false}, "model": "attendance.musician", "pk": 21}, {"fields": {"user": null, "is_on_strength": true, "last_name": "Rush", "first_name": "Stephen", "rank": "20", "instrument_section": "4SAXS", "is_retired": false}, "model": "attendance.musician", "pk": 22}, {"fields": {"user": null, "is_on_strength": true, "last_name": "Brister", "first_name": "Dianne", "rank": "10", "instrument_section": "4SAXS", "is_retired": false}, "model": "attendance.musician", "pk": 23}, {"fields": {"user": null, "is_on_strength": false, "last_name": "Attong", "first_name": "Wilf", "rank": "00", "instrument_section": "4SAXS", "is_retired": false}, "model": "attendance.musician", "pk": 24}, {"fields": {"user": null, "is_on_strength": false, "last_name": "Lewkee", "first_name": "Iain", "rank": "00", "instrument_section": "4SAXS", "is_retired": false}, "model": "attendance.musician", "pk": 25}, {"fields": {"user": null, "is_on_strength": true, "last_name": "Kazandjian", "first_name": "Amy", "rank": "20", "instrument_section": "5FRHN", "is_retired": false}, "model": "attendance.musician", "pk": 26}, {"fields": {"user": null, "is_on_strength": true, "last_name": "Yao", "first_name": "Yi", "rank": "20", "instrument_section": "5FRHN", "is_retired": false}, "model": "attendance.musician", "pk": 27}, {"fields": {"user": null, "is_on_strength": true, "last_name": "Khew", "first_name": "Esther", "rank": "10", "instrument_section": "5FRHN", "is_retired": false}, "model": "attendance.musician", "pk": 28}, {"fields": {"user": null, "is_on_strength": true, "last_name": "Hembruff", "first_name": "Janice", "rank": "40", "instrument_section": "6TRPT", "is_retired": false}, "model": "attendance.musician", "pk": 29}, {"fields": {"user": null, "is_on_strength": true, "last_name": "Humphries", "first_name": "Brian", "rank": "40", "instrument_section": "6TRPT", "is_retired": false}, "model": "attendance.musician", "pk": 30}, {"fields": {"user": null, "is_on_strength": true, "last_name": "Trimble", "first_name": "Charles", "rank": "30", "instrument_section": "6TRPT", "is_retired": false}, "model": "attendance.musician", "pk": 31}, {"fields": {"user": null, "is_on_strength": true, "last_name": "Chaplin", "first_name": "Alastair", "rank": "20", "instrument_section": "6TRPT", "is_retired": false}, "model": "attendance.musician", "pk": 32}, {"fields": {"user": null, "is_on_strength": true, "last_name": "Hanson", "first_name": "Julia", "rank": "20", "instrument_section": "6TRPT", "is_retired": false}, "model": "attendance.musician", "pk": 33}, {"fields": {"user": null, "is_on_strength": true, "last_name": "Mach", "first_name": "Phil", "rank": "20", "instrument_section": "6TRPT", "is_retired": false}, "model": "attendance.musician", "pk": 34}, {"fields": {"user": null, "is_on_strength": true, "last_name": "Steuernol", "first_name": "Jared", "rank": "20", "instrument_section": "6TRPT", "is_retired": false}, "model": "attendance.musician", "pk": 35}, {"fields": {"user": null, "is_on_strength": false, "last_name": "McGregor", "first_name": "John", "rank": "00", "instrument_section": "6TRPT", "is_retired": false}, "model": "attendance.musician", "pk": 36}, {"fields": {"user": null, "is_on_strength": false, "last_name": "Stewart", "first_name": "Robin", "rank": "00", "instrument_section": "6TRPT", "is_retired": false}, "model": "attendance.musician", "pk": 37}, {"fields": {"user": null, "is_on_strength": true, "last_name": "Jarrett", "first_name": "Sean", "rank": "50", "instrument_section": "7TRBN", "is_retired": false}, "model": "attendance.musician", "pk": 38}, {"fields": {"user": null, "is_on_strength": true, "last_name": "Wang", "first_name": "Yang", "rank": "30", "instrument_section": "7TRBN", "is_retired": false}, "model": "attendance.musician", "pk": 39}, {"fields": {"user": null, "is_on_strength": true, "last_name": "Venturanza", "first_name": "Jonna", "rank": "20", "instrument_section": "7TRBN", "is_retired": false}, "model": "attendance.musician", "pk": 40}, {"fields": {"user": null, "is_on_strength": true, "last_name": "Yasinsky", "first_name": "Greg", "rank": "20", "instrument_section": "7TRBN", "is_retired": false}, "model": "attendance.musician", "pk": 41}, {"fields": {"user": null, "is_on_strength": false, "last_name": "Lawson", "first_name": "Mike", "rank": "80", "instrument_section": "7TRBN", "is_retired": false}, "model": "attendance.musician", "pk": 42}, {"fields": {"user": null, "is_on_strength": false, "last_name": "Trow", "first_name": "Phil", "rank": "60", "instrument_section": "7TRBN", "is_retired": false}, "model": "attendance.musician", "pk": 43}, {"fields": {"user": null, "is_on_strength": false, "last_name": "Tweten", "first_name": "Al", "rank": "60", "instrument_section": "7TRBN", "is_retired": false}, "model": "attendance.musician", "pk": 44}, {"fields": {"user": null, "is_on_strength": true, "last_name": "Probst", "first_name": "Eric", "rank": "40", "instrument_section": "8EUTB", "is_retired": false}, "model": "attendance.musician", "pk": 45}, {"fields": {"user": null, "is_on_strength": true, "last_name": "Hippolite", "first_name": "Rick", "rank": "20", "instrument_section": "8EUTB", "is_retired": false}, "model": "attendance.musician", "pk": 46}, {"fields": {"user": null, "is_on_strength": true, "last_name": "Jones", "first_name": "Angelik", "rank": "20", "instrument_section": "8EUTB", "is_retired": false}, "model": "attendance.musician", "pk": 47}, {"fields": {"user": null, "is_on_strength": true, "last_name": "Yasinsky", "first_name": "Steven", "rank": "20", "instrument_section": "8EUTB", "is_retired": false}, "model": "attendance.musician", "pk": 48}, {"fields": {"user": null, "is_on_strength": false, "last_name": "Yasinsky", "first_name": "Roman", "rank": "00", "instrument_section": "8EUTB", "is_retired": false}, "model": "attendance.musician", "pk": 49}, {"fields": {"user": null, "is_on_strength": false, "last_name": "Ewers", "first_name": "Harold", "rank": "30", "instrument_section": "8EUTB", "is_retired": false}, "model": "attendance.musician", "pk": 50}, {"fields": {"user": null, "is_on_strength": true, "last_name": "Savidge", "first_name": "Anthony", "rank": "20", "instrument_section": "9PERC", "is_retired": false}, "model": "attendance.musician", "pk": 51}, {"fields": {"user": null, "is_on_strength": false, "last_name": "Braund", "first_name": "Greg", "rank": "00", "instrument_section": "9PERC", "is_retired": false}, "model": "attendance.musician", "pk": 52}, {"fields": {"start_date": "2014-09-04", "name": "rehearsal", "uniform": null, "end_date": "2014-09-04", "location": "Fort York Armoury", "job_type": 0, "call_time": null}, "model": "attendance.job", "pk": 1}, {"fields": {"start_date": "2014-09-11", "name": "rehearsal", "uniform": null, "end_date": "2014-09-11", "location": "Fort York Armoury", "job_type": 0, "call_time": null}, "model": "attendance.job", "pk": 2}, {"fields": {"start_date": "2014-09-18", "name": "rehearsal", "uniform": null, "end_date": "2014-09-18", "location": "Fort York Armoury", "job_type": 0, "call_time": null}, "model": "attendance.job", "pk": 3}, {"fields": {"start_date": "2014-09-25", "name": "rehearsal", "uniform": null, "end_date": "2014-09-25", "location": "Fort York Armoury", "job_type": 0, "call_time": null}, "model": "attendance.job", "pk": 4}, {"fields": {"start_date": "2014-10-02", "name": "rehearsal", "uniform": null, "end_date": "2014-10-02", "location": "Fort York Armoury", "job_type": 0, "call_time": null}, "model": "attendance.job", "pk": 5}, {"fields": {"start_date": "2014-10-09", "name": "rehearsal", "uniform": null, "end_date": "2014-10-09", "location": "Fort York Armoury", "job_type": 0, "call_time": null}, "model": "attendance.job", "pk": 6}, {"fields": {"start_date": "2014-10-16", "name": "rehearsal", "uniform": null, "end_date": "2014-10-16", "location": "Fort York Armoury", "job_type": 0, "call_time": null}, "model": "attendance.job", "pk": 7}, {"fields": {"start_date": "2014-10-23", "name": "rehearsal", "uniform": null, "end_date": "2014-10-23", "location": "Fort York Armoury", "job_type": 0, "call_time": null}, "model": "attendance.job", "pk": 8}, {"fields": {"start_date": "2014-10-30", "name": "rehearsal", "uniform": null, "end_date": "2014-10-30", "location": "Fort York Armoury", "job_type": 0, "call_time": null}, "model": "attendance.job", "pk": 9}, {"fields": {"start_date": "2014-11-06", "name": "rehearsal", "uniform": null, "end_date": "2014-11-06", "location": "Fort York Armoury", "job_type": 0, "call_time": null}, "model": "attendance.job", "pk": 10}, {"fields": {"start_date": "2014-11-13", "name": "rehearsal", "uniform": null, "end_date": "2014-11-13", "location": "Fort York Armoury", "job_type": 0, "call_time": null}, "model": "attendance.job", "pk": 11}, {"fields": {"start_date": "2014-11-20", "name": "rehearsal", "uniform": null, "end_date": "2014-11-20", "location": "Fort York Armoury", "job_type": 0, "call_time": null}, "model": "attendance.job", "pk": 12}, {"fields": {"start_date": "2014-11-27", "name": "rehearsal", "uniform": null, "end_date": "2014-11-27", "location": "Fort York Armoury", "job_type": 0, "call_time": null}, "model": "attendance.job", "pk": 13}, {"fields": {"start_date": "2014-12-04", "name": "rehearsal", "uniform": null, "end_date": "2014-12-04", "location": "Fort York Armoury", "job_type": 0, "call_time": null}, "model": "attendance.job", "pk": 14}, {"fields": {"musicians_present": [1, 2, 3, 5, 6, 7, 9, 10, 11, 12, 13, 16, 17, 18, 19, 21, 22, 23, 25, 26, 27, 28, 29, 30, 31, 32, 33, 34, 35, 37, 38, 39, 40, 41, 43, 44, 45, 46, 47, 48, 51], "job": 1}, "model": "attendance.attendancerecord", "pk": 1}, {"fields": {"musicians_present": [1, 2, 3, 5, 8, 6, 7, 9, 10, 11, 12, 13, 16, 22, 23, 24, 25, 26, 27, 28, 29, 30, 31, 32, 34, 35, 37, 38, 39, 40, 41, 43, 44, 45, 46, 47, 48, 49, 51], "job": 2}, "model": "attendance.attendancerecord", "pk": 2}, {"fields": {"musicians_present": [1, 2, 3, 5, 8, 7, 11, 12, 13, 16, 17, 18, 21, 22, 23, 24, 26, 27, 28, 29, 30, 31, 32, 35, 38, 39, 40, 41, 43, 44, 45, 46, 47, 48, 49, 51, 52], "job": 3}, "model": "attendance.attendancerecord", "pk": 3}, {"fields": {"musicians_present": [1, 2, 6, 7, 10, 11, 13, 14, 16, 18, 21, 22, 23, 24, 25, 26, 27, 28, 29, 30, 31, 32, 34, 35, 38, 39, 40, 41, 43, 45, 46, 49, 51], "job": 4}, "model": "attendance.attendancerecord", "pk": 4}, {"fields": {"musicians_present": [1, 2, 5, 8, 6, 9, 10, 11, 13, 14, 16, 18, 21, 22, 23, 24, 25, 26, 27, 28, 29, 30, 31, 32, 33, 34, 35, 37, 38, 39, 40, 45, 46, 47, 48, 50, 51], "job": 5}, "model": "attendance.attendancerecord", "pk": 5}, {"fields": {"musicians_present": [1, 2, 3, 5, 6, 9, 11, 12, 14, 15, 16, 18, 21, 22, 23, 24, 27, 28, 30, 31, 32, 33, 35, 37, 40, 42, 43, 45, 47, 48, 50, 49, 51], "job": 6}, "model": "attendance.attendancerecord", "pk": 6}, {"fields": {"musicians_present": [1, 2, 5, 8, 7, 9, 10, 11, 12, 13, 15, 16, 17, 18, 22, 23, 24, 25, 26, 27, 28, 29, 30, 31, 32, 34, 35, 37, 38, 39, 40, 41, 42, 43, 44, 45, 46, 50, 51], "job": 7}, "model": "attendance.attendancerecord", "pk": 7}, {"fields": {"musicians_present": [1, 2, 3, 5, 8, 6, 9, 11, 12, 13, 16, 18, 21, 22, 24, 25, 26, 27, 28, 29, 30, 31, 32, 33, 34, 35, 37, 40, 43, 44, 45, 46], "job": 8}, "model": "attendance.attendancerecord", "pk": 8}, {"fields": {"musicians_present": [1, 2, 3, 5, 6, 7, 9, 11, 14, 18, 21, 24, 26, 27, 29, 31, 33, 37, 39, 40, 41, 45, 46, 47, 48, 52], "job": 9}, "model": "attendance.attendancerecord", "pk": 9}, {"fields": {"musicians_present": [1, 2, 5, 8, 6, 7, 9, 11, 12, 13, 16, 18, 21, 23, 24, 26, 27, 29, 30, 31, 33, 35, 38, 39, 41, 44, 45, 46, 47, 48, 51, 52], "job": 10}, "model": "attendance.attendancerecord", "pk": 10}, {"fields": {"musicians_present": [1, 2, 3, 8, 7, 9, 10, 11, 13, 15, 16, 17, 18, 21, 23, 24, 25, 26, 27, 29, 30, 31, 32, 34, 35, 37, 38, 41, 42, 43, 45, 46, 51], "job": 11}, "model": "attendance.attendancerecord", "pk": 11}, {"fields": {"musicians_present": [1, 2, 5, 8, 6, 7, 10, 11, 12, 13, 14, 15, 16, 18, 23, 24, 25, 26, 27, 30, 32, 35, 37, 38, 40, 41, 42, 43, 44, 45, 46, 47, 48, 50], "job": 12}, "model": "attendance.attendancerecord", "pk": 12}, {"fields": {"musicians_present": [1, 2, 3, 5, 8, 6, 7, 9, 10, 11, 12, 15, 16, 17, 18, 21, 22, 23, 24, 26, 27, 28, 29, 30, 32, 33, 34, 38, 39, 40, 42, 43, 45, 46, 47, 50, 51], "job": 13}, "model": "attendance.attendancerecord", "pk": 13}, {"fields": {"musicians_present": [1, 2, 5, 8, 6, 7, 9, 11, 12, 14, 15, 16, 18, 24, 25, 27, 28, 29, 30, 31, 32, 34, 35, 38, 42, 43, 44, 45, 46, 47, 48, 50, 51], "job": 14}, "model": "attendance.attendancerecord", "pk": 14}, {"fields": {"musicians_booked": [1, 2, 3, 4, 5, 8, 6, 7, 9, 10, 11, 12, 13, 14, 15, 16, 17, 18, 19, 20, 21, 22, 23, 24, 25, 26, 27, 28, 29, 30, 31, 32, 33, 34, 35, 36, 37, 38, 39, 40, 41, 42, 43, 44, 45, 46, 47, 48, 50, 49, 51, 52], "job": 1}, "model": "attendance.roster", "pk": 1}, {"fields": {"musicians_booked": [1, 2, 3, 4, 5, 8, 6, 7, 9, 10, 11, 12, 13, 14, 15, 16, 17, 18, 19, 20, 21, 22, 23, 24, 25, 26, 27, 28, 29, 30, 31, 32, 33, 34, 35, 36, 37, 38, 39, 40, 41, 42, 43, 44, 45, 46, 47, 48, 50, 49, 51, 52], "job": 2}, "model": "attendance.roster", "pk": 2}, {"fields": {"musicians_booked": [1, 2, 3, 4, 5, 8, 6, 7, 9, 10, 11, 12, 13, 14, 15, 16, 17, 18, 19, 20, 21, 22, 23, 24, 25, 26, 27, 28, 29, 30, 31, 32, 33, 34, 35, 36, 37, 38, 39, 40, 41, 42, 43, 44, 45, 46, 47, 48, 50, 49, 51, 52], "job": 3}, "model": "attendance.roster", "pk": 3}, {"fields": {"musicians_booked": [1, 2, 3, 4, 5, 8, 6, 7, 9, 10, 11, 12, 13, 14, 15, 16, 17, 18, 19, 20, 21, 22, 23, 24, 25, 26, 27, 28, 29, 30, 31, 32, 33, 34, 35, 36, 37, 38, 39, 40, 41, 42, 43, 44, 45, 46, 47, 48, 50, 49, 51, 52], "job": 4}, "model": "attendance.roster", "pk": 4}, {"fields": {"musicians_booked": [1, 2, 3, 4, 5, 8, 6, 7, 9, 10, 11, 12, 13, 14, 15, 16, 17, 18, 19, 20, 21, 22, 23, 24, 25, 26, 27, 28, 29, 30, 31, 32, 33, 34, 35, 36, 37, 38, 39, 40, 41, 42, 43, 44, 45, 46, 47, 48, 50, 49, 51, 52], "job": 5}, "model": "attendance.roster", "pk": 5}, {"fields": {"musicians_booked": [1, 2, 3, 4, 5, 8, 6, 7, 9, 10, 11, 12, 13, 14, 15, 16, 17, 18, 19, 20, 21, 22, 23, 24, 25, 26, 27, 28, 29, 30, 31, 32, 33, 34, 35, 36, 37, 38, 39, 40, 41, 42, 43, 44, 45, 46, 47, 48, 50, 49, 51, 52], "job": 6}, "model": "attendance.roster", "pk": 6}, {"fields": {"musicians_booked": [1, 2, 3, 4, 5, 8, 6, 7, 9, 10, 11, 12, 13, 14, 15, 16, 17, 18, 19, 20, 21, 22, 23, 24, 25, 26, 27, 28, 29, 30, 31, 32, 33, 34, 35, 36, 37, 38, 39, 40, 41, 42, 43, 44, 45, 46, 47, 48, 50, 49, 51, 52], "job": 7}, "model": "attendance.roster", "pk": 7}, {"fields": {"musicians_booked": [1, 2, 3, 4, 5, 8, 6, 7, 9, 10, 11, 12, 13, 14, 15, 16, 17, 18, 19, 20, 21, 22, 23, 24, 25, 26, 27, 28, 29, 30, 31, 32, 33, 34, 35, 36, 37, 38, 39, 40, 41, 42, 43, 44, 45, 46, 47, 48, 50, 49, 51, 52], "job": 8}, "model": "attendance.roster", "pk": 8}, {"fields": {"musicians_booked": [1, 2, 3, 4, 5, 8, 6, 7, 9, 10, 11, 12, 13, 14, 15, 16, 17, 18, 19, 20, 21, 22, 23, 24, 25, 26, 27, 28, 29, 30, 31, 32, 33, 34, 35, 36, 37, 38, 39, 40, 41, 42, 43, 44, 45, 46, 47, 48, 50, 49, 51, 52], "job": 9}, "model": "attendance.roster", "pk": 9}, {"fields": {"musicians_booked": [1, 2, 3, 4, 5, 8, 6, 7, 9, 10, 11, 12, 13, 14, 15, 16, 17, 18, 19, 20, 21, 22, 23, 24, 25, 26, 27, 28, 29, 30, 31, 32, 33, 34, 35, 36, 37, 38, 39, 40, 41, 42, 43, 44, 45, 46, 47, 48, 50, 49, 51, 52], "job": 10}, "model": "attendance.roster", "pk": 10}, {"fields": {"musicians_booked": [1, 2, 3, 4, 5, 8, 6, 7, 9, 10, 11, 12, 13, 14, 15, 16, 17, 18, 19, 20, 21, 22, 23, 24, 25, 26, 27, 28, 29, 30, 31, 32, 33, 34, 35, 36, 37, 38, 39, 40, 41, 42, 43, 44, 45, 46, 47, 48, 50, 49, 51, 52], "job": 11}, "model": "attendance.roster", "pk": 11}, {"fields": {"musicians_booked": [1, 2, 3, 4, 5, 8, 6, 7, 9, 10, 11, 12, 13, 14, 15, 16, 17, 18, 19, 20, 21, 22, 23, 24, 25, 26, 27, 28, 29, 30, 31, 32, 33, 34, 35, 36, 37, 38, 39, 40, 41, 42, 43, 44, 45, 46, 47, 48, 50, 49, 51, 52], "job": 12}, "model": "attendance.roster", "pk": 12}, {"fields": {"musicians_booked": [1, 2, 3, 4, 5, 8, 6, 7, 9, 10, 11, 12, 13, 14, 15, 16, 17, 18, 19, 20, 21, 22, 23, 24, 25, 26, 27, 28, 29, 30, 31, 32, 33, 34, 35, 36, 37, 38, 39, 40, 41, 42, 43, 44, 45, 46, 47, 48, 50, 49, 51, 52], "job": 13}, "model": "attendance.roster", "pk": 13}, {"fields": {"musicians_booked": [1, 2, 3, 4, 5, 8, 6, 7, 9, 10, 11, 12, 13, 14, 15, 16, 17, 18, 19, 20, 21, 22, 23, 24, 25, 26, 27, 28, 29, 30, 31, 32, 33, 34, 35, 36, 37, 38, 39, 40, 41, 42, 43, 44, 45, 46, 47, 48, 50, 49, 51, 52], "job": 14}, "model": "attendance.roster", "pk": 14}]