[{"pk": 53, "model": "attendance.musician", "fields": {"user": null, "instrument_section": "0LEAD", "is_retired": false, "is_on_strength": true, "rank": "70", "last_name": "Anderson", "first_name": "Kevin"}}, {"pk": 54, "model": "attendance.musician", "fields": {"user": null, "instrument_section": "0LEAD", "is_retired": false, "is_on_strength": true, "rank": "60", "last_name": "Longman", "first_name": "Kaylee"}}, {"pk": 55, "model": "attendance.musician", "fields": {"user": null, "instrument_section": "0LEAD", "is_retired": false, "is_on_strength": true, "rank": "20", "last_name": "Morello", "first_name": "Mike"}}, {"pk": 56, "model": "attendance.musician", "fields": {"user": null, "instrument_section": "0LEAD", "is_retired": true, "is_on_strength": false, "rank": "90", "last_name": "Falconi", "first_name": "Gino"}}, {"pk": 57, "model": "attendance.musician", "fields": {"user": null, "instrument_section": "0LEAD", "is_retired": true, "is_on_strength": false, "rank": "80", "last_name": "Mighton", "first_name": "Bill"}}, {"pk": 58, "model": "attendance.musician", "fields": {"user": null, "instrument_section": "1FLPC", "is_retired": false, "is_on_strength": false, "rank": "00", "last_name": "Calleja", "first_name": "Louis"}}, {"pk": 59, "model": "attendance.musician", "fields": {"user": null, "instrument_section": "1FLPC", "is_retired": false, "is_on_strength": false, "rank": "00", "last_name": "Gauder", "first_name": "Mary Sue"}}, {"pk": 60, "model": "attendance.musician", "fields": {"user": null, "instrument_section": "1FLPC", "is_retired": false, "is_on_strength": false, "rank": "20", "last_name": "Forrester", "first_name": "Dorianne"}}, {"pk": 61, "model": "attendance.musician", "fields": {"user": null, "instrument_section": "2CLAR", "is_retired": false, "is_on_strength": true, "rank": "20", "last_name": "Walker", "first_name": "John"}}, {"pk": 62, "model": "attendance.musician", "fields": {"user": null, "instrument_section": "2CLAR", "is_retired": false, "is_on_strength": true, "rank": "20", "last_name": "Phillips", "first_name": "Josh"}}, {"pk": 63, "model": "attendance.musician", "fields": {"user": null, "instrument_section": "2CLAR", "is_retired": false, "is_on_strength": true, "rank": "10", "last_name": "Coote", "first_name": "Georgia"}}, {"pk": 64, "model": "attendance.musician", "fields": {"user": null, "instrument_section": "2CLAR", "is_retired": false, "is_on_strength": true, "rank": "10", "last_name": "Ellis", "first_name": "Heather"}}, {"pk": 65, "model": "attendance.musician", "fields": {"user": null, "instrument_section": "2CLAR", "is_retired": false, "is_on_strength": false, "rank": "50", "last_name": "Forrest", "first_name": "Jim"}}, {"pk": 66, "model": "attendance.musician", "fields": {"user": null, "instrument_section": "2CLAR", "is_retired": false, "is_on_strength": false, "rank": "50", "last_name": "Logan", "first_name": "Bob"}}, {"pk": 67, "model": "attendance.musician", "fields": {"user": null, "instrument_section": "2CLAR", "is_retired": false, "is_on_strength": false, "rank": "20", "last_name": "Lawson", "first_name": "Nancy"}}, {"pk": 68, "model": "attendance.musician", "fields": {"user": null, "instrument_section": "2CLAR", "is_retired": false, "is_on_strength": false, "rank": "00", "last_name": "Dade", "first_name": "Mel"}}, {"pk": 69, "model": "attendance.musician", "fields": {"user": null, "instrument_section": "2CLAR", "is_retired": false, "is_on_strength": false, "rank": "00", "last_name": "Marinzel", "first_name": "Wendy"}}, {"pk": 70, "model": "attendance.musician", "fields": {"user": null, "instrument_section": "2CLAR", "is_retired": false, "is_on_strength": false, "rank": "00", "last_name": "Mallory", "first_name": "Crystal"}}, {"pk": 71, "model": "attendance.musician", "fields": {"user": null, "instrument_section": "3OBBS", "is_retired": false, "is_on_strength": false, "rank": "20", "last_name": "Hopp", "first_name": "Doug"}}, {"pk": 72, "model": "attendance.musician", "fields": {"user": null, "instrument_section": "3OBBS", "is_retired": false, "is_on_strength": false, "rank": "00", "last_name": "Freire-Gormaly", "first_name": "Marina"}}, {"pk": 73, "model": "attendance.musician", "fields": {"user": null, "instrument_section": "4SAXS", "is_retired": false, "is_on_strength": true, "rank": "40", "last_name": "Andrews", "first_name": "Sheila"}}, {"pk": 74, "model": "attendance.musician", "fields": {"user": null, "instrument_section": "4SAXS", "is_retired": false, "is_on_strength": true, "rank": "20", "last_name": "Rush", "first_name": "Stephen"}}, {"pk": 75, "model": "attendance.musician", "fields": {"user": null, "instrument_section": "4SAXS", "is_retired": false, "is_on_strength": true, "rank": "10", "last_name": "Brister", "first_name": "Dianne"}}, {"pk": 76, "model": "attendance.musician", "fields": {"user": null, "instrument_section": "4SAXS", "is_retired": false, "is_on_strength": false, "rank": "00", "last_name": "Attong", "first_name": "Wilf"}}, {"pk": 77, "model": "attendance.musician", "fields": {"user": null, "instrument_section": "4SAXS", "is_retired": false, "is_on_strength": false, "rank": "00", "last_name": "Lewkee", "first_name": "Iain"}}, {"pk": 78, "model": "attendance.musician", "fields": {"user": null, "instrument_section": "5FRHN", "is_retired": false, "is_on_strength": true, "rank": "20", "last_name": "Kazandjian", "first_name": "Amy"}}, {"pk": 79, "model": "attendance.musician", "fields": {"user": null, "instrument_section": "5FRHN", "is_retired": false, "is_on_strength": true, "rank": "20", "last_name": "Yao", "first_name": "Yi"}}, {"pk": 80, "model": "attendance.musician", "fields": {"user": null, "instrument_section": "5FRHN", "is_retired": false, "is_on_strength": true, "rank": "10", "last_name": "Khew", "first_name": "Esther"}}, {"pk": 81, "model": "attendance.musician", "fields": {"user": null, "instrument_section": "6TRPT", "is_retired": false, "is_on_strength": true, "rank": "40", "last_name": "Hembruff", "first_name": "Janice"}}, {"pk": 82, "model": "attendance.musician", "fields": {"user": null, "instrument_section": "6TRPT", "is_retired": false, "is_on_strength": true, "rank": "40", "last_name": "Humphries", "first_name": "Brian"}}, {"pk": 83, "model": "attendance.musician", "fields": {"user": null, "instrument_section": "6TRPT", "is_retired": false, "is_on_strength": true, "rank": "30", "last_name": "Trimble", "first_name": "Charles"}}, {"pk": 84, "model": "attendance.musician", "fields": {"user": null, "instrument_section": "6TRPT", "is_retired": false, "is_on_strength": true, "rank": "20", "last_name": "Chaplin", "first_name": "Alastair"}}, {"pk": 85, "model": "attendance.musician", "fields": {"user": null, "instrument_section": "6TRPT", "is_retired": false, "is_on_strength": true, "rank": "20", "last_name": "Hanson", "first_name": "Julia"}}, {"pk": 86, "model": "attendance.musician", "fields": {"user": null, "instrument_section": "6TRPT", "is_retired": false, "is_on_strength": true, "rank": "20", "last_name": "Mach", "first_name": "Phil"}}, {"pk": 87, "model": "attendance.musician", "fields": {"user": null, "instrument_section": "6TRPT", "is_retired": false, "is_on_strength": true, "rank": "20", "last_name": "Steuernol", "first_name": "Jared"}}, {"pk": 88, "model": "attendance.musician", "fields": {"user": null, "instrument_section": "6TRPT", "is_retired": false, "is_on_strength": false, "rank": "00", "last_name": "McGregor", "first_name": "John"}}, {"pk": 89, "model": "attendance.musician", "fields": {"user": null, "instrument_section": "6TRPT", "is_retired": false, "is_on_strength": false, "rank": "00", "last_name": "Stewart", "first_name": "Robin"}}, {"pk": 90, "model": "attendance.musician", "fields": {"user": null, "instrument_section": "7TRBN", "is_retired": false, "is_on_strength": true, "rank": "50", "last_name": "Jarrett", "first_name": "Sean"}}, {"pk": 91, "model": "attendance.musician", "fields": {"user": null, "instrument_section": "7TRBN", "is_retired": false, "is_on_strength": true, "rank": "30", "last_name": "Wang", "first_name": "Yang"}}, {"pk": 92, "model": "attendance.musician", "fields": {"user": null, "instrument_section": "7TRBN", "is_retired": false, "is_on_strength": true, "rank": "20", "last_name": "Venturanza", "first_name": "Jonna"}}, {"pk": 93, "model": "attendance.musician", "fields": {"user": null, "instrument_section": "7TRBN", "is_retired": false, "is_on_strength": true, "rank": "20", "last_name": "Yasinsky", "first_name": "Greg"}}, {"pk": 94, "model": "attendance.musician", "fields": {"user": null, "instrument_section": "7TRBN", "is_retired": false, "is_on_strength": false, "rank": "80", "last_name": "Lawson", "first_name": "Mike"}}, {"pk": 95, "model": "attendance.musician", "fields": {"user": null, "instrument_section": "7TRBN", "is_retired": false, "is_on_strength": false, "rank": "60", "last_name": "Trow", "first_name": "Phil"}}, {"pk": 96, "model": "attendance.musician", "fields": {"user": null, "instrument_section": "7TRBN", "is_retired": false, "is_on_strength": false, "rank": "60", "last_name": "Tweten", "first_name": "Al"}}, {"pk": 97, "model": "attendance.musician", "fields": {"user": null, "instrument_section": "8EUTB", "is_retired": false, "is_on_strength": true, "rank": "40", "last_name": "Probst", "first_name": "Eric"}}, {"pk": 98, "model": "attendance.musician", "fields": {"user": null, "instrument_section": "8EUTB", "is_retired": false, "is_on_strength": true, "rank": "20", "last_name": "Hippolite", "first_name": "Rick"}}, {"pk": 99, "model": "attendance.musician", "fields": {"user": null, "instrument_section": "8EUTB", "is_retired": false, "is_on_strength": true, "rank": "20", "last_name": "Jones", "first_name": "Angelik"}}, {"pk": 100, "model": "attendance.musician", "fields": {"user": null, "instrument_section": "8EUTB", "is_retired": false, "is_on_strength": true, "rank": "20", "last_name": "Yasinsky", "first_name": "Steven"}}, {"pk": 101, "model": "attendance.musician", "fields": {"user": null, "instrument_section": "8EUTB", "is_retired": false, "is_on_strength": false, "rank": "00", "last_name": "Yasinsky", "first_name": "Roman"}}, {"pk": 102, "model": "attendance.musician", "fields": {"user": null, "instrument_section": "8EUTB", "is_retired": false, "is_on_strength": false, "rank": "30", "last_name": "Ewers", "first_name": "Harold"}}, {"pk": 103, "model": "attendance.musician", "fields": {"user": null, "instrument_section": "9PERC", "is_retired": false, "is_on_strength": true, "rank": "20", "last_name": "Savidge", "first_name": "Anthony"}}, {"pk": 104, "model": "attendance.musician", "fields": {"user": null, "instrument_section": "9PERC", "is_retired": false, "is_on_strength": false, "rank": "00", "last_name": "Braund", "first_name": "Greg"}}, {"pk": 253, "model": "attendance.roster", "fields": {"musicians_booked": [53, 54, 55, 56, 57, 60, 58, 59, 61, 62, 63, 64, 65, 66, 67, 68, 69, 70, 71, 72, 73, 74, 75, 76, 77, 78, 79, 80, 81, 82, 83, 84, 85, 86, 87, 88, 89, 90, 91, 92, 93, 94, 95, 96, 97, 98, 99, 100, 102, 101, 103, 104]}}, {"pk": 254, "model": "attendance.roster", "fields": {"musicians_booked": [53, 54, 55, 56, 57, 60, 58, 59, 61, 62, 63, 64, 65, 66, 67, 68, 69, 70, 71, 72, 73, 74, 75, 76, 77, 78, 79, 80, 81, 82, 83, 84, 85, 86, 87, 88, 89, 90, 91, 92, 93, 94, 95, 96, 97, 98, 99, 100, 102, 101, 103, 104]}}, {"pk": 255, "model": "attendance.roster", "fields": {"musicians_booked": [53, 54, 55, 56, 57, 60, 58, 59, 61, 62, 63, 64, 65, 66, 67, 68, 69, 70, 71, 72, 73, 74, 75, 76, 77, 78, 79, 80, 81, 82, 83, 84, 85, 86, 87, 88, 89, 90, 91, 92, 93, 94, 95, 96, 97, 98, 99, 100, 102, 101, 103, 104]}}, {"pk": 256, "model": "attendance.roster", "fields": {"musicians_booked": [53, 54, 55, 56, 57, 60, 58, 59, 61, 62, 63, 64, 65, 66, 67, 68, 69, 70, 71, 72, 73, 74, 75, 76, 77, 78, 79, 80, 81, 82, 83, 84, 85, 86, 87, 88, 89, 90, 91, 92, 93, 94, 95, 96, 97, 98, 99, 100, 102, 101, 103, 104]}}, {"pk": 257, "model": "attendance.roster", "fields": {"musicians_booked": [53, 54, 55, 56, 57, 60, 58, 59, 61, 62, 63, 64, 65, 66, 67, 68, 69, 70, 71, 72, 73, 74, 75, 76, 77, 78, 79, 80, 81, 82, 83, 84, 85, 86, 87, 88, 89, 90, 91, 92, 93, 94, 95, 96, 97, 98, 99, 100, 102, 101, 103, 104]}}, {"pk": 258, "model": "attendance.roster", "fields": {"musicians_booked": [53, 54, 55, 56, 57, 60, 58, 59, 61, 62, 63, 64, 65, 66, 67, 68, 69, 70, 71, 72, 73, 74, 75, 76, 77, 78, 79, 80, 81, 82, 83, 84, 85, 86, 87, 88, 89, 90, 91, 92, 93, 94, 95, 96, 97, 98, 99, 100, 102, 101, 103, 104]}}, {"pk": 259, "model": "attendance.roster", "fields": {"musicians_booked": [53, 54, 55, 56, 57, 60, 58, 59, 61, 62, 63, 64, 65, 66, 67, 68, 69, 70, 71, 72, 73, 74, 75, 76, 77, 78, 79, 80, 81, 82, 83, 84, 85, 86, 87, 88, 89, 90, 91, 92, 93, 94, 95, 96, 97, 98, 99, 100, 102, 101, 103, 104]}}, {"pk": 260, "model": "attendance.roster", "fields": {"musicians_booked": [53, 54, 55, 56, 57, 60, 58, 59, 61, 62, 63, 64, 65, 66, 67, 68, 69, 70, 71, 72, 73, 74, 75, 76, 77, 78, 79, 80, 81, 82, 83, 84, 85, 86, 87, 88, 89, 90, 91, 92, 93, 94, 95, 96, 97, 98, 99, 100, 102, 101, 103, 104]}}, {"pk": 261, "model": "attendance.roster", "fields": {"musicians_booked": [53, 54, 55, 56, 57, 60, 58, 59, 61, 62, 63, 64, 65, 66, 67, 68, 69, 70, 71, 72, 73, 74, 75, 76, 77, 78, 79, 80, 81, 82, 83, 84, 85, 86, 87, 88, 89, 90, 91, 92, 93, 94, 95, 96, 97, 98, 99, 100, 102, 101, 103, 104]}}, {"pk": 262, "model": "attendance.roster", "fields": {"musicians_booked": [53, 54, 55, 56, 57, 60, 58, 59, 61, 62, 63, 64, 65, 66, 67, 68, 69, 70, 71, 72, 73, 74, 75, 76, 77, 78, 79, 80, 81, 82, 83, 84, 85, 86, 87, 88, 89, 90, 91, 92, 93, 94, 95, 96, 97, 98, 99, 100, 102, 101, 103, 104]}}, {"pk": 263, "model": "attendance.roster", "fields": {"musicians_booked": [53, 54, 55, 56, 57, 60, 58, 59, 61, 62, 63, 64, 65, 66, 67, 68, 69, 70, 71, 72, 73, 74, 75, 76, 77, 78, 79, 80, 81, 82, 83, 84, 85, 86, 87, 88, 89, 90, 91, 92, 93, 94, 95, 96, 97, 98, 99, 100, 102, 101, 103, 104]}}, {"pk": 264, "model": "attendance.roster", "fields": {"musicians_booked": [53, 54, 55, 56, 57, 60, 58, 59, 61, 62, 63, 64, 65, 66, 67, 68, 69, 70, 71, 72, 73, 74, 75, 76, 77, 78, 79, 80, 81, 82, 83, 84, 85, 86, 87, 88, 89, 90, 91, 92, 93, 94, 95, 96, 97, 98, 99, 100, 102, 101, 103, 104]}}, {"pk": 265, "model": "attendance.roster", "fields": {"musicians_booked": [53, 54, 55, 56, 57, 60, 58, 59, 61, 62, 63, 64, 65, 66, 67, 68, 69, 70, 71, 72, 73, 74, 75, 76, 77, 78, 79, 80, 81, 82, 83, 84, 85, 86, 87, 88, 89, 90, 91, 92, 93, 94, 95, 96, 97, 98, 99, 100, 102, 101, 103, 104]}}, {"pk": 266, "model": "attendance.roster", "fields": {"musicians_booked": [53, 54, 55, 56, 57, 60, 58, 59, 61, 62, 63, 64, 65, 66, 67, 68, 69, 70, 71, 72, 73, 74, 75, 76, 77, 78, 79, 80, 81, 82, 83, 84, 85, 86, 87, 88, 89, 90, 91, 92, 93, 94, 95, 96, 97, 98, 99, 100, 102, 101, 103, 104]}}, {"pk": 267, "model": "attendance.roster", "fields": {"musicians_booked": []}}, {"pk": 71, "model": "attendance.attendancerecord", "fields": {"musicians_present": [53, 54, 55, 57, 58, 59, 61, 62, 63, 64, 65, 68, 69, 70, 71, 73, 74, 75, 77, 78, 79, 80, 81, 82, 83, 84, 85, 86, 87, 89, 90, 91, 92, 93, 95, 96, 97, 98, 99, 100, 103]}}, {"pk": 72, "model": "attendance.attendancerecord", "fields": {"musicians_present": [53, 54, 55, 57, 60, 58, 59, 61, 62, 63, 64, 65, 68, 74, 75, 76, 77, 78, 79, 80, 81, 82, 83, 84, 86, 87, 89, 90, 91, 92, 93, 95, 96, 97, 98, 99, 100, 101, 103]}}, {"pk": 73, "model": "attendance.attendancerecord", "fields": {"musicians_present": [53, 54, 55, 57, 60, 59, 63, 64, 65, 68, 69, 70, 73, 74, 75, 76, 78, 79, 80, 81, 82, 83, 84, 87, 90, 91, 92, 93, 95, 96, 97, 98, 99, 100, 101, 103, 104]}}, {"pk": 74, "model": "attendance.attendancerecord", "fields": {"musicians_present": [53, 54, 58, 59, 62, 63, 65, 66, 68, 70, 73, 74, 75, 76, 77, 78, 79, 80, 81, 82, 83, 84, 86, 87, 90, 91, 92, 93, 95, 97, 98, 101, 103]}}, {"pk": 75, "model": "attendance.attendancerecord", "fields": {"musicians_present": [53, 54, 57, 60, 58, 61, 62, 63, 65, 66, 68, 70, 73, 74, 75, 76, 77, 78, 79, 80, 81, 82, 83, 84, 85, 86, 87, 89, 90, 91, 92, 97, 98, 99, 100, 102, 103]}}, {"pk": 76, "model": "attendance.attendancerecord", "fields": {"musicians_present": [53, 54, 55, 57, 58, 61, 63, 64, 66, 67, 68, 70, 73, 74, 75, 76, 79, 80, 82, 83, 84, 85, 87, 89, 92, 94, 95, 97, 99, 100, 102, 101, 103]}}, {"pk": 77, "model": "attendance.attendancerecord", "fields": {"musicians_present": [53, 54, 57, 60, 59, 61, 62, 63, 64, 65, 67, 68, 69, 70, 74, 75, 76, 77, 78, 79, 80, 81, 82, 83, 84, 86, 87, 89, 90, 91, 92, 93, 94, 95, 96, 97, 98, 102, 103]}}, {"pk": 78, "model": "attendance.attendancerecord", "fields": {"musicians_present": [53, 54, 55, 57, 60, 58, 61, 63, 64, 65, 68, 70, 73, 74, 76, 77, 78, 79, 80, 81, 82, 83, 84, 85, 86, 87, 89, 92, 95, 96, 97, 98]}}, {"pk": 79, "model": "attendance.attendancerecord", "fields": {"musicians_present": [53, 54, 55, 57, 58, 59, 61, 63, 66, 70, 73, 76, 78, 79, 81, 83, 85, 89, 91, 92, 93, 97, 98, 99, 100, 104]}}, {"pk": 80, "model": "attendance.attendancerecord", "fields": {"musicians_present": [53, 54, 57, 60, 58, 59, 61, 63, 64, 65, 68, 70, 73, 75, 76, 78, 79, 81, 82, 83, 85, 87, 90, 91, 93, 96, 97, 98, 99, 100, 103, 104]}}, {"pk": 81, "model": "attendance.attendancerecord", "fields": {"musicians_present": [53, 54, 55, 60, 59, 61, 62, 63, 65, 67, 68, 69, 70, 73, 75, 76, 77, 78, 79, 81, 82, 83, 84, 86, 87, 89, 90, 93, 94, 95, 97, 98, 103]}}, {"pk": 82, "model": "attendance.attendancerecord", "fields": {"musicians_present": [53, 54, 57, 60, 58, 59, 62, 63, 64, 65, 66, 67, 68, 70, 75, 76, 77, 78, 79, 82, 84, 87, 89, 90, 92, 93, 94, 95, 96, 97, 98, 99, 100, 102]}}, {"pk": 83, "model": "attendance.attendancerecord", "fields": {"musicians_present": [53, 54, 55, 57, 60, 58, 59, 61, 62, 63, 64, 67, 68, 69, 70, 73, 74, 75, 76, 78, 79, 80, 81, 82, 84, 85, 86, 90, 91, 92, 94, 95, 97, 98, 99, 102, 103]}}, {"pk": 84, "model": "attendance.attendancerecord", "fields": {"musicians_present": [53, 54, 57, 60, 58, 59, 61, 63, 64, 66, 67, 68, 70, 76, 77, 79, 80, 81, 82, 83, 84, 86, 87, 90, 94, 95, 96, 97, 98, 99, 100, 102, 103]}}, {"pk": 85, "model": "attendance.attendancerecord", "fields": {"musicians_present": [53, 54, 55, 57, 60, 58, 59, 61, 62, 63, 64, 67, 69, 75, 76, 78, 79, 81, 82, 83, 87, 89, 91, 92, 93, 97, 98, 99, 100, 101, 103]}}, {"pk": 211, "model": "attendance.job", "fields": {"job_type": 0, "name": "Rehearsal", "location": "Fort York Armoury", "attendance_record": 71, "roster": 253, "end_date": "2014-09-04", "uniform": null, "call_time": null, "start_date": "2014-09-04"}}, {"pk": 212, "model": "attendance.job", "fields": {"job_type": 0, "name": "Rehearsal", "location": "Fort York Armoury", "attendance_record": 72, "roster": 254, "end_date": "2014-09-11", "uniform": null, "call_time": null, "start_date": "2014-09-11"}}, {"pk": 213, "model": "attendance.job", "fields": {"job_type": 0, "name": "Rehearsal", "location": "Fort York Armoury", "attendance_record": 73, "roster": 255, "end_date": "2014-09-18", "uniform": null, "call_time": null, "start_date": "2014-09-18"}}, {"pk": 214, "model": "attendance.job", "fields": {"job_type": 0, "name": "Rehearsal", "location": "Fort York Armoury", "attendance_record": 74, "roster": 256, "end_date": "2014-09-25", "uniform": null, "call_time": null, "start_date": "2014-09-25"}}, {"pk": 215, "model": "attendance.job", "fields": {"job_type": 0, "name": "Rehearsal", "location": "Fort York Armoury", "attendance_record": 75, "roster": 257, "end_date": "2014-10-02", "uniform": null, "call_time": null, "start_date": "2014-10-02"}}, {"pk": 216, "model": "attendance.job", "fields": {"job_type": 0, "name": "Rehearsal", "location": "Fort York Armoury", "attendance_record": 76, "roster": 258, "end_date": "2014-10-09", "uniform": null, "call_time": null, "start_date": "2014-10-09"}}, {"pk": 217, "model": "attendance.job", "fields": {"job_type": 0, "name": "Rehearsal", "location": "Fort York Armoury", "attendance_record": 77, "roster": 259, "end_date": "2014-10-16", "uniform": null, "call_time": null, "start_date": "2014-10-16"}}, {"pk": 218, "model": "attendance.job", "fields": {"job_type": 0, "name": "Rehearsal", "location": "Fort York Armoury", "attendance_record": 78, "roster": 260, "end_date": "2014-10-23", "uniform": null, "call_time": null, "start_date": "2014-10-23"}}, {"pk": 219, "model": "attendance.job", "fields": {"job_type": 0, "name": "Rehearsal", "location": "Fort York Armoury", "attendance_record": 79, "roster": 261, "end_date": "2014-10-30", "uniform": null, "call_time": null, "start_date": "2014-10-30"}}, {"pk": 220, "model": "attendance.job", "fields": {"job_type": 0, "name": "Rehearsal", "location": "Fort York Armoury", "attendance_record": 80, "roster": 262, "end_date": "2014-11-06", "uniform": null, "call_time": null, "start_date": "2014-11-06"}}, {"pk": 221, "model": "attendance.job", "fields": {"job_type": 0, "name": "Rehearsal", "location": "Fort York Armoury", "attendance_record": 81, "roster": 263, "end_date": "2014-11-13", "uniform": null, "call_time": null, "start_date": "2014-11-13"}}, {"pk": 222, "model": "attendance.job", "fields": {"job_type": 0, "name": "Rehearsal", "location": "Fort York Armoury", "attendance_record": 82, "roster": 264, "end_date": "2014-11-20", "uniform": null, "call_time": null, "start_date": "2014-11-20"}}, {"pk": 223, "model": "attendance.job", "fields": {"job_type": 0, "name": "Rehearsal", "location": "Fort York Armoury", "attendance_record": 83, "roster": 265, "end_date": "2014-11-27", "uniform": null, "call_time": null, "start_date": "2014-11-27"}}, {"pk": 224, "model": "attendance.job", "fields": {"job_type": 0, "name": "Rehearsal", "location": "Fort York Armoury", "attendance_record": 84, "roster": 266, "end_date": "2014-12-04", "uniform": null, "call_time": null, "start_date": "2014-12-04"}}, {"pk": 225, "model": "attendance.job", "fields": {"job_type": 2, "name": "Polish Festival", "location": "Copernicus Lodge", "attendance_record": 85, "roster": 267, "end_date": "2014-09-14", "uniform": null, "call_time": null, "start_date": "2014-09-14"}}]